Name,URL
Gold Coast Ingredients,https://www.goldcoastinc.com/
Balchem Corporation,
Acadian Seaplants Limited,https://www.acadianseaplants.com/
BIOBOR HEALTH FOOD INC,https://bioborhealth.com/collections
ANTI-AGING INGREDIENTS LLC,https://www.egt.bio/
Ascend Biotech,https://www.sinolion.com/
BannerBio USA Inc,http://bannerbio.com/
"BIO-CAT Microbials, LLC",
Bioenergy Life Science  Inc.,https://www.bioenergylifescience.com/
Biolumen Inc,
Catalent Consumer Health,https://www.catalent.com/
Chenland Nutritionals,https://www.chenland.com/
Dolcas-Biotech LLC,http://dolcas-biotech.com/
ECA Healthcare USA Inc,https://www.eca-healthcare.com/
Ecuadorian Rainforest LLC,https://www.intotherainforest.com/
Enzymedica,https://www.enzymedica.com/
Fineland Vitamins Corp,https://www.finelandvitamins.com/
FoodChain ID,
Freund - Vector Corporation,https://www.freund-vector.com/
Fruit dâ€™Or,https://www.fruit-dor.ca/
GOED,https://www.goedomega3.com/
Graminex LLC,https://www.graminex.com/
Herbaland Naturals Inc.,https://www.herbaland.ca/
Hunan Nutramax USA Inc.,https://www.nutra-max.com/
IFF,https://healthsciences.iff.com/
Intertek Scientific & Regulatory,https://www.intertek.com/cantox
International Probiotics Association,https://ipa-biotics.org/
JHD CORP,
Jost Chemical Co.,
KENSING,
Liqua Dry,
Threotech LLC,
Maypro Industries Inc.,https://www.maypro.com/
Nexatis Inc.,https://www.nexatisus.com/
NMG Pharm (MegaGold),
"NOW Health Group, Inc.",
NuLiv Science,https://www.nuliveusa.com/
Nutra Food Ingredients LLC,https://nutrafoodingredients.com/
Nutraceuticals World,
Nutraland USA Inc,https://www.nutralandusa.com/
"Nutriscience Innovations, Llc",https://www.nutriscienceusa.com/
"OmniActive Health Technologies, Inc.",https://omniactives.com/
Ozabio Inc.,https://ozabio.co/
PLT Health Solutions,https://www.plthealth.com/
Procaps Group,https://www.funtrition.com/
"RIBUS, Inc.",https://www.ribus.com/
ScentSational Technologies,
AIBMR Life Sciences Inc,https://www.aibmr.com/
Sky Pharma Sa,
"Spinaca Farms, Inc.",
Stratum Nutrition,https://www.stratumnutrition.com/
TrichAnalytics Inc.,
Toffee Up Corp,
Trace,
US Pharmatech Inc.,
Vedic Lifesciences Pvt Ltd,
Vireo Systems,https://www.con-cret.com/
Virun,
Well Aliments LLC,
