[✅] ACG North America LLC | Cleaned Domain: nutraceuticalsworld.com
[✅] A. Holliday & Company Inc. | Cleaned Domain: teacoff.com
[✅] Acadian Seaplants | Cleaned Domain: acadianseaplants.com
[✅] A Clover Nutrition Inc | Cleaned Domain: clovernutrition.com
[✅] Actylis | Cleaned Domain: actylis.com
[✅] Actives Factory, The | Cleaned Domain: theactivesfactory.com
[✅] Acme-Hardesty | Cleaned Domain: acme-hardesty.com
[✅] ADH Health Products, Inc. | Cleaned Domain: nutraceuticalsworld.com
[✅] Academy of Nutrition and Dietetics | Cleaned Domain: eatright.org
[✅] A.S.I. International | Cleaned Domain: nutraceuticalsworld.com
[✅] Advanced Enzyme Technologies Limited | Cleaned Domain: advancedenzymes.com
[✅] AIBMR Life Sciences, Inc. | Cleaned Domain: aibmr.com
[✅] AHB US LLC. | Cleaned Domain: nutraceuticalsworld.com
[✅] ADM | Cleaned Domain: adm.com
[✅] Advanced Synthesis | Cleaned Domain: advancedsynthesis.com
[✅] AIDP | Cleaned Domain: nutraceuticalsworld.com
[✅] Akay Europe Gmbh | Cleaned Domain: nutraceuticalsworld.com
[✅] Airlite Plastics Company | Cleaned Domain: measurexscoops.com
[✅] Aiya America, Inc. (Aiya Matcha) | Cleaned Domain: aiya-america.com
[✅] Algatechnologies | Cleaned Domain: algatech.com
[✅] Aker BioMarine Antarctic US LLC | Cleaned Domain: superbakrill.com
[✅] Alkemists Labs | Cleaned Domain: alkemist.com
[✅] All Packaging Machinery Corp. | Cleaned Domain: allpackagingmachinery.com
[✅] Alfasigma USA, Inc. | Cleaned Domain: mitocarn.com
[✅] Alpha Environmental | Cleaned Domain: nutraceuticalsworld.com
[✅] Aloecorp | Cleaned Domain: aloecorp.com
[✅] Alaska Spring Pharmaceuticals | Cleaned Domain: alaskaspringpharma.com
[✅] American Botanical Council (ABC) | Cleaned Domain: herbalgram.org
[✅] American Custom Drying | Cleaned Domain: acdprocessing.com
[✅] AMB Wellness | Cleaned Domain: amb-wellness.com
[✅] American Aronia Accelerator (A3) | Cleaned Domain: a3aronia.com
[✅] American Aronia Accelerator (A3) | Cleaned Domain: a3aronia.com
[✅] American Herbal Products Association (AHPA) | Cleaned Domain: ahpa.org
[✅] American FlexPack | Cleaned Domain: americanflexpack.com
[✅] Amu Nutrition | Cleaned Domain: amu-nutrition.com
[✅] AMETEK Brookfield | Cleaned Domain: brookfieldengineering.com
[✅] analyze & realize GmbH | Cleaned Domain: a-r.com
[✅] AOCS | Cleaned Domain: aocs.org
[✅] Anderson Global Group, LLC | Cleaned Domain: advancedingredients.com
[✅] AOAC International | Cleaned Domain: aoac.org
[✅] Arista Industries, Inc. | Cleaned Domain: aristaindustries.com
[✅] Applied Food Sciences, Inc. | Cleaned Domain: appliedfoods.com
[✅] Arizona Nutritional Supplements | Cleaned Domain: aznutritional.com
[✅] Arctic Bioscience | Cleaned Domain: arctic-bioscience.com
[✅] Artemis International | Cleaned Domain: artemis-nutraceuticals.com
[✅] Asiamerica Group Inc. | Cleaned Domain: asiamericaingredients.com
[✅] Aromaland | Cleaned Domain: ewbhemp.com
[✅] Asiros Nordic | Cleaned Domain: asirosnordic.com
[✅] Ashland | Cleaned Domain: ashland.com
[✅] Aroma New Zealand | Cleaned Domain: aromanz.com
[✅] AstaReal, Inc. | Cleaned Domain: astarealusa.com
[✅] Aviva Naturals | Cleaned Domain: avivanaturals.com
[✅] Automation Products, Inc. – Dynatrol Division | Cleaned Domain: dynatrolusa.com
[✅] Atlantia Clinical Trials | Cleaned Domain: nutraceuticalsworld.com
[✅] Balchem Human Nutrition & Health | Cleaned Domain: balchem.com
[✅] Ayush Herbs Inc | Cleaned Domain: ayushherbs.com
[✅] Avive Naturals Inc. | Cleaned Domain: avive.ca
[✅] Baron Blakeslee | Cleaned Domain: baronblakeslee.net
[✅] Bactolac Pharma & Sciegen Pharma New York USA | Cleaned Domain: bactolac.com
[✅] Azelis | Cleaned Domain: azelis.com
[✅] Baker Dillon Group LLC | Cleaned Domain: bakerdillon.com
[✅] Bartek | Cleaned Domain: bartek.ca
[✅] Barrington Nutritionals | Cleaned Domain: barringtonnutritionals.com
[✅] BASF SE | Cleaned Domain: nutrition.basf.com
[✅] BatchMaster Software, Inc. | Cleaned Domain: batchmaster.com
[✅] Bell Flavors & Fragrances | Cleaned Domain: bellff.com
[✅] Bentley Brands | Cleaned Domain: bentleybrands.com
[✅] Beehive Botanicals | Cleaned Domain: beehivebotanicals.net
[✅] Bergami USA | Cleaned Domain: bergamisrl.com
[✅] Best Sanitizers | Cleaned Domain: bestsanitizers.com
[✅] BGG World | Cleaned Domain: bggworld.com
[✅] Beta Analytic | Cleaned Domain: nutraceuticalsworld.com
[✅] Bio-Botanica Inc | Cleaned Domain: bio-botanica.com
[✅] BENEO Inc | Cleaned Domain: beneo.com
[✅] Biofarma Group | Cleaned Domain: biofarmagroup.com
[✅] Bioiberica | Cleaned Domain: nutraceuticalsworld.com
[✅] BIO-CAT | Cleaned Domain: nutraceuticalsworld.com
[✅] Bioactive Services LLC. | Cleaned Domain: bioactive-resources.com
[✅] Bioactive Services | Cleaned Domain: bioactive-resources.com
[✅] Bioenergy Life Science, Inc. (BLS) | Cleaned Domain: bioenergylifescience.com
[✅] BioGin Health Co Ltd | Cleaned Domain: biogin.com
[✅] BioCell Technology, LLC | Cleaned Domain: biocelltechnology.com
[✅] Bionap S.r.l. | Cleaned Domain: bionap.com
[✅] Bioplus Life Sciences | Cleaned Domain: bioplus.in
[✅] Bioriginal | Cleaned Domain: bioriginal.com
[✅] Biovation Labs | Cleaned Domain: biovationlabs.com
[✅] Biova | Cleaned Domain: biova.com
[✅] Biotropics Malaysia (Branded Herbal Ingredients) | Cleaned Domain: nutraceuticalsworld.com
[✅] Blue Pacific Flavors | Cleaned Domain: nutraceuticalsworld.com
[✅] Bloomage Biotechnology USA INC | Cleaned Domain: bloomagebioactive.com
[✅] Blue California | Cleaned Domain: nutraceuticalsworld.com
[✅] Blue Diamond Almonds Global Ingredients Division | Cleaned Domain: nutraceuticalsworld.com
[✅] CapsCanada | Cleaned Domain: nutraceuticalsworld.com
[✅] Catalent Pharma Solutions | Cleaned Domain: nutraceuticalsworld.com
[✅] Bunge Loders Croklaan | Cleaned Domain: nutraceuticalsworld.com
[✅] Burcon | Cleaned Domain: nutraceuticalsworld.com
[✅] Caldic | Cleaned Domain: nutraceuticalsworld.com
[✅] Cargill | Cleaned Domain: nutraceuticalsworld.com
[✅] California Natural Color | Cleaned Domain: nutraceuticalsworld.com
[✅] CAPTEK Softgel International | Cleaned Domain: nutraceuticalsworld.com
[✅] Cepham Inc | Cleaned Domain: nutraceuticalsworld.com
[✅] Certified Laboratories | Cleaned Domain: nutraceuticalsworld.com
[✅] Chemi Nutra | Cleaned Domain: nutraceuticalsworld.com
[✅] Catalyst Nutraceuticals | Cleaned Domain: nutraceuticalsworld.com
[✅] Cereals & Grains Association | Cleaned Domain: nutraceuticalsworld.com
[✅] Certified Nutraceuticals | Cleaned Domain: nutraceuticalsworld.com
[✅] ChromaDex | Cleaned Domain: nutraceuticalsworld.com
[✅] Christie & Co | Cleaned Domain: nutraceuticalsworld.com
[✅] Chenguang Biotech Group Co., Ltd. | Cleaned Domain: nutraceuticalsworld.com
[✅] Cindy Reed Marketer | Cleaned Domain: nutraceuticalsworld.com
[✅] CJ BIO | Cleaned Domain: nutraceuticalsworld.com
[✅] Chenland Nutritionals Inc. | Cleaned Domain: nutraceuticalsworld.com
[✅] CIRANDA | Cleaned Domain: nutraceuticalsworld.com
[✅] Columbia Grain International | Cleaned Domain: nutraceuticalsworld.com
[✅] Coconut Coalition of the Americas | Cleaned Domain: nutraceuticalsworld.com
[✅] Container and Packaging | Cleaned Domain: nutraceuticalsworld.com
[✅] Coating Place, Inc. | Cleaned Domain: nutraceuticalsworld.com
[✅] Comar, LLC | Cleaned Domain: nutraceuticalsworld.com
[✅] Consumer Product Testing Co., Inc. | Cleaned Domain: nutraceuticalsworld.com
[✅] Council for Responsible Nutrition (CRN) | Cleaned Domain: nutraceuticalsworld.com
[✅] CoreFX Ingredients | Cleaned Domain: nutraceuticalsworld.com
[✅] Consumer Healthcare Products Association (CHPA) | Cleaned Domain: nutraceuticalsworld.com
[✅] CoQ10 Association | Cleaned Domain: nutraceuticalsworld.com
[✅] Creative Peptides | Cleaned Domain: nutraceuticalsworld.com
[✅] Custom Veterinary Services, Inc. | Cleaned Domain: nutraceuticalsworld.com
[✅] Connoils | Cleaned Domain: nutraceuticalsworld.com
[✅] Draco Natural Products | Cleaned Domain: nutraceuticalsworld.com
[✅] DPL-US (a division of Dr. Paul Lohmann Inc.) | Cleaned Domain: dpl-us.com
[✅] CPC Nutrition | Cleaned Domain: nutraceuticalsworld.com
[✅] Drug Plastics & Glass | Cleaned Domain: nutraceuticalsworld.com
[✅] Dyna-Tabs, LLC | Cleaned Domain: nutraceuticalsworld.com
[✅] Drug Chemical & Associated Technologies Association | Cleaned Domain: nutraceuticalsworld.com
[✅] dsm-firmenich | Cleaned Domain: nutraceuticalsworld.com
[✅] Eirich Machines | Cleaned Domain: nutraceuticalsworld.com
[✅] Epax Norway AS | Cleaned Domain: nutraceuticalsworld.com
[✅] Ecuadorian Rainforest | Cleaned Domain: nutraceuticalsworld.com
[✅] Embio Limited | Cleaned Domain: nutraceuticalsworld.com
[✅] Euromed USA, Inc. | Cleaned Domain: nutraceuticalsworld.com
[✅] ERC Catalysts, Inc. | Cleaned Domain: nutraceuticalsworld.com
[✅] Ethical Naturals, Inc. | Cleaned Domain: nutraceuticalsworld.com
[✅] Elizabeth Companies | Cleaned Domain: nutraceuticalsworld.com
[✅] Evolva | Cleaned Domain: nutraceuticalsworld.com
[✅] Eurofins Scientific | Cleaned Domain: nutraceuticalsworld.com
[✅] ENCO Pack Automation Solutions | Cleaned Domain: nutraceuticalsworld.com
[✅] ESHA Research | Cleaned Domain: nutraceuticalsworld.com
[✅] Famenity | Cleaned Domain: nutraceuticalsworld.com
[✅] Federal Equipment | Cleaned Domain: nutraceuticalsworld.com
[✅] Farbest Brands | Cleaned Domain: nutraceuticalsworld.com
[✅] Fette Compacting America | Cleaned Domain: nutraceuticalsworld.com
[✅] FMI | The Food Industry Association | Cleaned Domain: nutraceuticalsworld.com
[✅] Foodarom Group Inc. | Cleaned Domain: nutraceuticalsworld.com
[✅] Formulator Software LLC | Cleaned Domain: nutraceuticalsworld.com
[✅] Folium Science | Cleaned Domain: nutraceuticalsworld.com
[✅] Fruit d’Or | Cleaned Domain: nutraceuticalsworld.com
[✅] ExcelVite Sdn. Bhd. | Cleaned Domain: nutraceuticalsworld.com
[✅] Fort Dearborn Company | Cleaned Domain: nutraceuticalsworld.com
[✅] GELITA | Cleaned Domain: nutraceuticalsworld.com
[✅] FutureCeuticals, Inc. | Cleaned Domain: nutraceuticalsworld.com
[✅] Gateway Health Alliances, Inc. | Cleaned Domain: nutraceuticalsworld.com
[✅] Gadot America, Inc | Cleaned Domain: nutraceuticalsworld.com
[✅] Gattefossé USA | Cleaned Domain: nutraceuticalsworld.com
[✅] GC Rieber VivoMega AS | Cleaned Domain: nutraceuticalsworld.com
[✅] GCI Nutrients | Cleaned Domain: nutraceuticalsworld.com
[✅] Freemen Nutra | Cleaned Domain: nutraceuticalsworld.com
[✅] Global Curcumin Association | Cleaned Domain: nutraceuticalsworld.com
[✅] Givaudan | Cleaned Domain: nutraceuticalsworld.com
[✅] GlobePharma, Inc. | Cleaned Domain: nutraceuticalsworld.com
[✅] Glanbia Nutritionals Inc. | Cleaned Domain: nutraceuticalsworld.com
[✅] Glico Nutrition Co., Ltd. | Cleaned Domain: nutraceuticalsworld.com
[✅] GMP Nutraceuticals, Inc | Cleaned Domain: nutraceuticalsworld.com
[✅] GMP Laboratories of America | Cleaned Domain: nutraceuticalsworld.com
[✅] GOED Omega-3 | Cleaned Domain: nutraceuticalsworld.com
[✅] Goodway Technologies Corporation | Cleaned Domain: nutraceuticalsworld.com
[✅] Global Prebiotic Association | Cleaned Domain: nutraceuticalsworld.com
[✅] Gourmet Mushrooms, Inc. | Cleaned Domain: nutraceuticalsworld.com
[✅] Grace | Cleaned Domain: nutraceuticalsworld.com
[✅] Golden Omega USA | Cleaned Domain: nutraceuticalsworld.com
[✅] Gnosis by Lesaffre | Cleaned Domain: nutraceuticalsworld.com
[✅] Grain Processing Corporation | Cleaned Domain: nutraceuticalsworld.com
[✅] Green Planet Agri | Cleaned Domain: nutraceuticalsworld.com
[✅] Green Source Organics Inc. | Cleaned Domain: nutraceuticalsworld.com
[✅] Green Star Labs, Inc. | Cleaned Domain: nutraceuticalsworld.com
[✅] Hartman Group | Cleaned Domain: nutraceuticalsworld.com
[✅] Graminex, L.L.C. | Cleaned Domain: nutraceuticalsworld.com
[✅] GREENVIT | Cleaned Domain: nutraceuticalsworld.com
[✅] Greenvit | Cleaned Domain: nutraceuticalsworld.com
[✅] Gustatec Sensory Innovations | Cleaned Domain: nutraceuticalsworld.com
[✅] Hepworth CBD | Cleaned Domain: nutraceuticalsworld.com
[✅] Herbally Yours | Cleaned Domain: nutraceuticalsworld.com
[✅] Helaina | Cleaned Domain: nutraceuticalsworld.com
[✅] HealthFocus International | Cleaned Domain: nutraceuticalsworld.com
[✅] Hill Pharma | Cleaned Domain: nutraceuticalsworld.com
[✅] Horphag Research (USA) Inc. | Cleaned Domain: nutraceuticalsworld.com
[✅] House Wellness Foods Corporation | Cleaned Domain: nutraceuticalsworld.com
[✅] Icon Foods | Cleaned Domain: nutraceuticalsworld.com
[✅] HPA-China | Cleaned Domain: nutraceuticalsworld.com
[✅] Hunan Huacheng Biotech, Inc | Cleaned Domain: nutraceuticalsworld.com
[✅] IADSA (International Alliance of Dietary/Food Supplement Associations) | Cleaned Domain: nutraceuticalsworld.com
[✅] IDF (International Dehydrated Foods) | Cleaned Domain: nutraceuticalsworld.com
[✅] IFF Health | Cleaned Domain: nutraceuticalsworld.com
[✅] IgY Nutrition | Cleaned Domain: nutraceuticalsworld.com
[✅] HP Ingredients | Cleaned Domain: hpingredients.com
[✅] ILC Dover | Cleaned Domain: nutraceuticalsworld.com
[✅] Indena USA, Inc. | Cleaned Domain: nutraceuticalsworld.com
[✅] INS Farms | Cleaned Domain: nutraceuticalsworld.com
[✅] Ingredia Inc | Cleaned Domain: nutraceuticalsworld.com
[✅] Industry Transparency Center | Cleaned Domain: nutraceuticalsworld.com
[✅] ingredientsonline.com | Cleaned Domain: nutraceuticalsworld.com
[✅] IMCD | Cleaned Domain: nutraceuticalsworld.com
[✅] Innophos, Inc. | Cleaned Domain: nutraceuticalsworld.com
[✅] International Food Information Council (IFIC) | Cleaned Domain: nutraceuticalsworld.com
[✅] Ingredients By Nature | Cleaned Domain: nutraceuticalsworld.com
[✅] Intertek | Cleaned Domain: nutraceuticalsworld.com
[✅] InnoVactiv | Cleaned Domain: nutraceuticalsworld.com
[✅] iTi tropicals, Inc. | Cleaned Domain: nutraceuticalsworld.com
[✅] Institute of Food Technologists (IFT) | Cleaned Domain: nutraceuticalsworld.com
[✅] Iris NutriPharma, LLC | Cleaned Domain: nutraceuticalsworld.com
[✅] International Probiotics Association | Cleaned Domain: nutraceuticalsworld.com
[✅] Jost Chemical Co. | Cleaned Domain: nutraceuticalsworld.com
[✅] Jiaherb Inc. | Cleaned Domain: nutraceuticalsworld.com
[✅] JBSL-USA | Cleaned Domain: nutraceuticalsworld.com
[✅] JP Packaging LLC. | Cleaned Domain: jppkg.com
[✅] Kaneka Probiotics | Cleaned Domain: nutraceuticalsworld.com
[✅] JRS Pharma | Cleaned Domain: nutraceuticalsworld.com
[✅] Jungbunzlauer International AG | Cleaned Domain: nutraceuticalsworld.com
[✅] Kerry | Cleaned Domain: nutraceuticalsworld.com
[✅] Kewpie Corporation | Cleaned Domain: nutraceuticalsworld.com
[✅] Kemin Human Nutrition and Health | Cleaned Domain: nutraceuticalsworld.com
[✅] KEB Nutraceutical USA Inc. | Cleaned Domain: nutraceuticalsworld.com
[✅] KGK Science | Cleaned Domain: nutraceuticalsworld.com
[✅] Koster Keunen | Cleaned Domain: nutraceuticalsworld.com
[✅] Kraemer US LLC | Cleaned Domain: nutraceuticalsworld.com
[✅] LaCore Enterprise | Cleaned Domain: nutraceuticalsworld.com
[✅] Lallemand Bio-Ingredients | Cleaned Domain: nutraceuticalsworld.com
[✅] Layn Natural Ingredients | Cleaned Domain: nutraceuticalsworld.com
[✅] Kyowa Hakko USA Inc. | Cleaned Domain: nutraceuticalsworld.com
[✅] Kappa Bioscience | Cleaned Domain: nutraceuticalsworld.com
[✅] Lallemand Health Solutions | Cleaned Domain: nutraceuticalsworld.com
[✅] Lebermuth Company | Cleaned Domain: nutraceuticalsworld.com
[✅] LEHVOSS Nutrition | Cleaned Domain: nutraceuticalsworld.com
[✅] Lonza Capsules & Health Ingredients | Cleaned Domain: nutraceuticalsworld.com
[✅] Lycored | Cleaned Domain: nutraceuticalsworld.com
[✅] Lubrizol Life Science | Cleaned Domain: nutraceuticalsworld.com
[✅] Live Earth Products | Cleaned Domain: nutraceuticalsworld.com
[✅] LFA Machines | Cleaned Domain: nutraceuticalsworld.com
[✅] Leatherhead Food Research | Cleaned Domain: nutraceuticalsworld.com
[✅] Manipal Natural Pvt Ltd | Cleaned Domain: nutraceuticalsworld.com
[✅] Mack Flavor Ingredients, Inc. | Cleaned Domain: nutraceuticalsworld.com
[✅] Lyons Information Systems | Cleaned Domain: nutraceuticalsworld.com
[✅] Marchesini Group USA Inc. | Cleaned Domain: nutraceuticalsworld.com
[✅] Marine Ingredients | Cleaned Domain: nutraceuticalsworld.com
[✅] Marinova Pty Ltd | Cleaned Domain: nutraceuticalsworld.com
[✅] Martin Bauer Group | Cleaned Domain: nutraceuticalsworld.com
[✅] Mantrose-Haeuser Co., Inc. | Cleaned Domain: nutraceuticalsworld.com
[✅] MARUDHAR IMPEX | Cleaned Domain: nutraceuticalsworld.com
[✅] Maruho Hatsujyo Innovations (MHI) | Cleaned Domain: nutraceuticalsworld.com
[✅] Matcha.com | Cleaned Domain: nutraceuticalsworld.com
[✅] Mindful Yoga with Drew | Cleaned Domain: nutraceuticalsworld.com
[✅] Mitsubishi Corporation Life Sciences, Inc | Cleaned Domain: nutraceuticalsworld.com
[✅] Millmax LLC | Cleaned Domain: nutraceuticalsworld.com
[✅] Maypro | Cleaned Domain: nutraceuticalsworld.com
[✅] MG America | Cleaned Domain: nutraceuticalsworld.com
[✅] Mother Murphy’s Flavors | Cleaned Domain: nutraceuticalsworld.com
[✅] MPI Label Systems | Cleaned Domain: nutraceuticalsworld.com
[✅] Monteloeder | Cleaned Domain: nutraceuticalsworld.com
[✅] MUSHEEZ | Cleaned Domain: nutraceuticalsworld.com
[✅] MycoTechnology Inc. | Cleaned Domain: nutraceuticalsworld.com
[✅] MTC Industries | Cleaned Domain: nutraceuticalsworld.com
[✅] NAMMEX / North American Medicinal Mushroom Extracts | Cleaned Domain: nutraceuticalsworld.com
[✅] Mount Franklin Foods | Cleaned Domain: nutraceuticalsworld.com
[✅] National Animal Supplement Council | Cleaned Domain: nutraceuticalsworld.com
[✅] Mushroom Wisdom | Cleaned Domain: nutraceuticalsworld.com
[✅] Natural Algae Astaxanthin Association (NAXA) | Cleaned Domain: nutraceuticalsworld.com
[✅] Natures Crops International | Cleaned Domain: nutraceuticalsworld.com
[✅] Naturalin Bio-Resources Co., Ltd | Cleaned Domain: nutraceuticalsworld.com
[✅] NaturPro Scientific | Cleaned Domain: nutraceuticalsworld.com
[✅] Nektium Pharma S.L. | Cleaned Domain: nutraceuticalsworld.com
[✅] Natural Alternatives International | Cleaned Domain: nutraceuticalsworld.com
[✅] Natural Products Association | Cleaned Domain: nutraceuticalsworld.com
[✅] Natural Remedies | Cleaned Domain: nutraceuticalsworld.com
[✅] Neves Global Resources, LLC | Cleaned Domain: nutraceuticalsworld.com
[✅] Nitta Gelatin NA Inc. | Cleaned Domain: nutraceuticalsworld.com
[✅] Non-GMO Project | Cleaned Domain: nutraceuticalsworld.com
[✅] NEWTREE Co., Ltd | Cleaned Domain: nutraceuticalsworld.com
[✅] NMI (Natural Marketing Institute) | Cleaned Domain: nutraceuticalsworld.com
[✅] Nexira Inc. | Cleaned Domain: nutraceuticalsworld.com
[✅] New Zealand Coastal Seafoods | Cleaned Domain: nutraceuticalsworld.com
[✅] Norland Products Inc. | Cleaned Domain: nutraceuticalsworld.com
[✅] Nosco | Cleaned Domain: nutraceuticalsworld.com
[✅] Novolyze | Cleaned Domain: nutraceuticalsworld.com
[✅] NOW Foods | Cleaned Domain: nutraceuticalsworld.com
[✅] Nutraceuticals World | Cleaned Domain: nutraceuticalsworld.com
[✅] NuLiv Science | Cleaned Domain: nutraceuticalsworld.com
[✅] Nuherbs | Cleaned Domain: nutraceuticalsworld.com
[✅] Nutrastrips | Cleaned Domain: nutraceuticalsworld.com
[✅] NP Nutra | Cleaned Domain: nutraceuticalsworld.com
[✅] Nutra-Pack Systems | Cleaned Domain: nutra-pack.com
[✅] Nutrition21, LLC | Cleaned Domain: nutraceuticalsworld.com
[✅] Nutralliance, Inc. | Cleaned Domain: nutraceuticalsworld.com
[✅] NutriLeads | Cleaned Domain: nutraceuticalsworld.com
[✅] Nutracode | Cleaned Domain: nutraceuticalsworld.com
[✅] NutriScience Innovations LLC | Cleaned Domain: nutraceuticalsworld.com
[✅] Nutritional Engineering Inc | Cleaned Domain: nutraceuticalsworld.com
[✅] OmniActive Health Technologies | Cleaned Domain: nutraceuticalsworld.com
[✅] Nutriventia by Inventia | Cleaned Domain: nutraceuticalsworld.com
[✅] Orochem Technologies Inc | Cleaned Domain: nutraceuticalsworld.com
[✅] One Innovation Labs | Cleaned Domain: nutraceuticalsworld.com
[✅] OptiPure/Kenko International Inc. | Cleaned Domain: nutraceuticalsworld.com
[✅] NXT USA, Inc. | Cleaned Domain: nutraceuticalsworld.com
[✅] Osage Flavors | Cleaned Domain: nutraceuticalsworld.com
[✅] Organic & Natural Health Association | Cleaned Domain: nutraceuticalsworld.com
[✅] PallayPack | Cleaned Domain: nutraceuticalsworld.com
[✅] Overnight Labels | Cleaned Domain: nutraceuticalsworld.com
[✅] Palmate | Cleaned Domain: nutraceuticalsworld.com
[✅] PAT Vitamins Inc. | Cleaned Domain: nutraceuticalsworld.com
[✅] Pacific Rainbow International | Cleaned Domain: nutraceuticalsworld.com
[✅] PFC Fulfillment, LLC | Cleaned Domain: nutraceuticalsworld.com
[✅] Paragon Laboratories | Cleaned Domain: nutraceuticalsworld.com
[✅] Pharmaworks LLC | Cleaned Domain: nutraceuticalsworld.com
[✅] Path Forward Formulator, LLC | Cleaned Domain: nutraceuticalsworld.com
[✅] Pharma Tech Industries | Cleaned Domain: nutraceuticalsworld.com
[✅] Pharma Foods International Co. Ltd. | Cleaned Domain: nutraceuticalsworld.com
[✅] Pick Heaters, Inc. | Cleaned Domain: nutraceuticalsworld.com
[✅] Pharma Technology Inc. | Cleaned Domain: nutraceuticalsworld.com
[✅] Pines International | Cleaned Domain: nutraceuticalsworld.com
[✅] Polyphenolics | Cleaned Domain: nutraceuticalsworld.com
[✅] Premium Labels & Packaging Solutions | Cleaned Domain: nutraceuticalsworld.com
[✅] Poms & Associates Insurance Brokers, LLC | Cleaned Domain: nutraceuticalsworld.com
[✅] Prime Health Ltd. | Cleaned Domain: nutraceuticalsworld.com
[✅] Prayon | Cleaned Domain: nutraceuticalsworld.com
[✅] Probi USA, Inc | Cleaned Domain: nutraceuticalsworld.com
[✅] Pretium Packaging | Cleaned Domain: nutraceuticalsworld.com
[✅] Primex ehf | Cleaned Domain: nutraceuticalsworld.com
[✅] Process Engineering Associates, LLC | Cleaned Domain: nutraceuticalsworld.com
[✅] Prinova | Cleaned Domain: prinovaglobal.com
[✅] ProHealth, Inc. | Cleaned Domain: nutraceuticalsworld.com
[✅] PSA Laboratory Furniture | Cleaned Domain: nutraceuticalsworld.com
[✅] Radicle Science | Cleaned Domain: nutraceuticalsworld.com
[✅] Quintessence Nutraceuticals | Cleaned Domain: nutraceuticalsworld.com
[✅] Qualicaps | Cleaned Domain: nutraceuticalsworld.com
[✅] ProTab Labs | Cleaned Domain: nutraceuticalsworld.com
[✅] QuanTEM Food Safety Laboratories | Cleaned Domain: nutraceuticalsworld.com
[✅] Retsch | Cleaned Domain: nutraceuticalsworld.com
[✅] Quantum Analytics Group | Cleaned Domain: nutraceuticalsworld.com
[✅] RFI Ingredients | Cleaned Domain: nutraceuticalsworld.com
[✅] Rochem International, Inc. | Cleaned Domain: nutraceuticalsworld.com
[✅] Rousselot | Cleaned Domain: nutraceuticalsworld.com
[✅] Roquette | Cleaned Domain: nutraceuticalsworld.com
[✅] SD Life Sciences Pvt Ltd | Cleaned Domain: nutraceuticalsworld.com
[✅] SaltWorks, Inc. | Cleaned Domain: nutraceuticalsworld.com
[✅] Santé Laboratories | Cleaned Domain: nutraceuticalsworld.com
[✅] San Francisco Herb Co | Cleaned Domain: nutraceuticalsworld.com
[✅] Sensient Flavors & Extracts | Cleaned Domain: nutraceuticalsworld.com
[✅] SearchPath of Chicago, Inc. – Executive Search | Cleaned Domain: nutraceuticalsworld.com
[✅] Senolyfe | Cleaned Domain: nutraceuticalsworld.com
[✅] SGS | Cleaned Domain: nutraceuticalsworld.com
[✅] Shimadzu Scientific Instruments | Cleaned Domain: nutraceuticalsworld.com
[✅] SGS Nutrasource | Cleaned Domain: nutraceuticalsworld.com
[✅] Skuny BioScience Co., Ltd | Cleaned Domain: nutraceuticalsworld.com
[✅] Sibelius Limited | Cleaned Domain: nutraceuticalsworld.com
[✅] SKS Bottle & Packaging | Cleaned Domain: nutraceuticalsworld.com
[✅] Silverson Machines, Inc. | Cleaned Domain: nutraceuticalsworld.com
[✅] Sigachi US Inc. | Cleaned Domain: nutraceuticalsworld.com
[✅] SMP Nutra | Cleaned Domain: nutraceuticalsworld.com
[✅] Soft Gel Technologies, Inc. | Cleaned Domain: nutraceuticalsworld.com
[✅] Sorbead India | Cleaned Domain: nutraceuticalsworld.com
[✅] Specnova, LLC | Cleaned Domain: nutraceuticalsworld.com
[✅] Spinaca Farms, Inc. | Cleaned Domain: nutraceuticalsworld.com
[✅] Stepan Lipid Nutrition | Cleaned Domain: nutraceuticalsworld.com
[✅] STEQ America | Cleaned Domain: nutraceuticalsworld.com
[✅] Stratum Nutrition | Cleaned Domain: nutraceuticalsworld.com
[✅] Spee-Dee Packaging Machinery Inc. | Cleaned Domain: nutraceuticalsworld.com
[✅] Starwest Botanicals | Cleaned Domain: nutraceuticalsworld.com
[✅] Stauber | Cleaned Domain: nutraceuticalsworld.com
[✅] Suanfarma | Cleaned Domain: nutraceuticalsworld.com
[✅] Suzanne’s Specialties | Cleaned Domain: nutraceuticalsworld.com
[✅] Sunflower Hemp Co | Cleaned Domain: nutraceuticalsworld.com
[✅] SweeGen | Cleaned Domain: nutraceuticalsworld.com
[✅] Techno Food Ingredients USA | Cleaned Domain: nutraceuticalsworld.com
[✅] Synergized Ingredients | Cleaned Domain: nutraceuticalsworld.com
[✅] Synergy Flavors | Cleaned Domain: nutraceuticalsworld.com
[✅] Tadbik | Cleaned Domain: nutraceuticalsworld.com
[✅] Thomas Fulfillment | Cleaned Domain: nutraceuticalsworld.com
[✅] TekniPlex | Cleaned Domain: nutraceuticalsworld.com
[✅] Terry Laboratories LLC | Cleaned Domain: nutraceuticalsworld.com
[✅] The Green Labs LLC | Cleaned Domain: nutraceuticalsworld.com
[✅] TR Nutritionals | Cleaned Domain: nutraceuticalsworld.com
[✅] TriNutra | Cleaned Domain: nutraceuticalsworld.com
[✅] U.S. Pharmacopeia (USP) | Cleaned Domain: nutraceuticalsworld.com
[✅] TWG Health & Nutrition | Cleaned Domain: nutraceuticalsworld.com
[✅] Trividia Manufacturing Solutions | Cleaned Domain: nutraceuticalsworld.com
[✅] TSI Group LTD | Cleaned Domain: nutraceuticalsworld.com
[✅] Trust Transparency Consulting | Cleaned Domain: nutraceuticalsworld.com
[✅] Trace | Cleaned Domain: nutraceuticalsworld.com
[✅] UL | Cleaned Domain: nutraceuticalsworld.com
[✅] Unibar Corporation | Cleaned Domain: nutraceuticalsworld.com
[✅] Unified Flex Packaging Technologies | Cleaned Domain: nutraceuticalsworld.com
[✅] Verdure Sciences | Cleaned Domain: nutraceuticalsworld.com
[✅] Unigen, Inc. | Cleaned Domain: nutraceuticalsworld.com
[✅] Viatal | Cleaned Domain: nutraceuticalsworld.com
[✅] Vesta Nutra | Cleaned Domain: nutraceuticalsworld.com
[✅] Vidya Herbs | Cleaned Domain: nutraceuticalsworld.com
[✅] Vitalis Extraction Technology | Cleaned Domain: nutraceuticalsworld.com
[✅] Vit-Best Nutrition | Cleaned Domain: nutraceuticalsworld.com