name,address,contact,domain
Advance Paper Box Ltd.,"105 Panet Road , Winnipeg , MB R2J 0S1 , Canada",(204) 233-6784,advancepaperbox.ca
"Albany Packaging, Inc.","1100 Rodick Road , Markham , ON L3R 8C3 , Canada",(416) 636-3292,albanypackaging.com
Astro Box Corporation,"117 Basaltic Road , Unit 1 , Concord , ON L4K 1G4 , Canada",(905) 695-8788,astroboxcorp.com
BertCo Inc.,"2150 South Parco Avenue , ON 91761 , Canada",+1 (714) 538-3881,bertcopackaging.com
Great Little Box Company,"11300 Twigg Place , Richmond , BC V6V 3C1 , Canada",(604) 301-3700,glbc.com
Ingersoll Paper Box Company Limited,"327 King Street West , Ingersoll , ON N5C 2K9 , Canada",(519) 485-1830,ipb.on.ca
RYAM,"4-100 Place Ville-Marie , Montreal , QC H3B 2E7 , Canada",(438) 801-1821,kallimapaper.com
Accord Carton Company,"6155 W 115th Street , Alsip , IL 60803-5153 , United States",(800) 648-6780,accordcarton.com
Accurate Paper Box,"2635 Byington Solway Rd , Knoxville , TN 37931 , United States",865-690-0311,accuratepaperbox.com
Advance Paper Box Company / Packaging Spectrum,"6100 S Gramercy Place , Los Angeles , CA 90047-1303 , United States",(323) 750-2550,advancepaperbox.com
American Carton Company,"607 S Wisteria Street , Mansfield , TX 76063-2432 , United States",(817) 473-2992,americancarton.com
Autajon Packaging,"100 Northwest Boulevard , Nashua , NH 03063 , United States",(603) 595-0700,autajon.com
BakerTitan Adhesives,"25 Lake Street , Paterson , NJ 07501 , United States",(973) 225-1070,bakertitan.com
"Belmark, Inc.","600 Heritage Road , De Pere , WI 54115 , United States",(920) 336-2848,belmark.com
Calumet Carton Company,"16920 State Street , South Holland , IL 60473 , United States",(708) 333-6521,calumetcarton.com
CMPC Forest Products NA,"One Patriot Place , Foxborough , MA 02035 , United States",(508) 698-4600,cmpcbiopackaging.com
Colbert Packaging Corporation,"9949 58th Place , Kenosha , WI 53144 , United States",(262) 925-4740,colbertpkg.com
Corporate Visual Packaging,"16920 State Street , Dallas , TX 75247 , United States",(214) 206-3763,corporatevisualpackaging.com
Curtis Packaging,"44 Berkshire Road , Sandy Hook , CT 06482-1428 , United States",(203) 426-5861,curtispackaging.com
Detroit Box Company,"13030 Wayne Rd , Livonia , MI 48150 , United States",7344224477,tyndellphotographic.com
Diamond Packaging,"111 Commerce Drive , Rochester , NY 14623-3503 , United States",(585) 334-8030,diamondpackaging.com
Digital Color Concepts,"256 Sheffield Street , Mountainside , NJ 07092 , United States",908-264-0504,dccnjpackaging.com
F. M. Howell & Company,"P.O. Box 286 , 79 Pennsylvania Avenue , Elmira , NY 14904 , United States",(607) 734-6291,fmhowell.com
F.C. Meyer Packaging LLC,"108 Main Street , Suite 3 , Norwalk , CT 06851-4640 , United States",(203) 644-1243,fcmeyerpackaging.com
"Frankston Packaging Company, LLC","699 N Frankston Hwy, Frankston, TX 75763 , Frankston , TX 75763 , United States",(903) 876-2550,frankstonpackaging.com
"GMH UV, LLC","7310 West 52nd Avenue Suite A #105 , Arvada , CO 80002 , United States",(630) 301-8689,gmhuv.com
Graphic Packaging International,"1500 Riveredge Parkway , Suite 100, 8th Floor , Atlanta , GA 30328 , United States",(973) 709-9100,graphicpkg.com
Great Northern Corporation,"3465 Moser Street , Oshkosh , WI 54901-1262 , United States",(888) 820-7497,greatnortherncorp.com
"Heiber + Schröder USA, Inc.","309 Johnson Road , Suite 150 , Forest Park , GA 30297 , United States",(404) 549-9990,heiber-schroeder.com
"Indiana Carton Company, Inc.","1721 W Bike Street , Bremen , IN 46506-2123 , United States",(574) 546-3848,indianacarton.com
Jeco Plastics,"885 Andico Road , Plainfield , IN 46168 , United States",(317) 839-4943,jecoplastics.com
JohnsByrne Company,"6701 W Oakton Street , Niles , IL 60714-3032 , United States",,johnsbyrne.com
Lewisburg Printing Company,"P.O. Box 2608 , 402 East Commerce Street , Lewisburg , TN 37091 , United States",(931) 359-1526,lpcink.com
Madern,"1010 Burma Drive , Apex , NC 27539 , United States",+1 919 355 1600,madern.com
Malnove Packaging Solutions,"10500 Canada Drive , Jacksonville , FL 32218 , United States",(402) 330-1100,malnove.com
Marshall & Bruce,"689 Davidson Street , Nashville , TN 37213 , United States",6152563661,marbruco.com
"Menasha Packaging Company, LLC","1645 Bergstrom Road , Neenah , WI 54956 , United States",(920) 751-1000,menasha.com
Mid York Press,"2808 State Highway Route 80 , SHERBURNE , NY 13460 , United States",(607) 674-4491,midyorkpress.com
Midland Paper and Packaging,"101 E. Palatine Road , Wheeling , IL 60090 , United States",(847) 777-2700,midlandpaper.com
"Mill Rock Packaging Holdings, LLC","800 SW 27th Street , Renton , WA 98057 , United States",(425) 873-2200,millrockpackaging.com
"MinMor Industries, Inc.","6010 Earle Brown Drive , Minneapolis , MN 55430 , United States",(763) 504-5400,minmor.com
Miraclon,"1057 E Henrietta Road , Rochester , NY 14623 , United States",(800) 795-2501,miraclon.com
"Moore, Worcester Division","22 Millbury Street , Auburn , MA 01501 , United States",(774) 221-1345,wearemoore.com
"NAPCO, Inc.","120 Trojan Avenue , Sparta , NC 28675 , United States",(336) 372-5214,napcousa.com
Neff Packaging Solutions,"10 Kingbrook Parkway , Simpsonville , KY 40067-5625 , United States",(502) 722-5020,neffpackaging.com
"Oliver, Inc.","10 Gilpin Avenue , Hauppauge , NY 11788 , United States",(631) 234-1400,oliverinc.com
"Pacific Southwest Container, LLC","4530 Leckron Road , Modesto , CA 95357-0517 , United States",(209) 526-0444,teampsc.com
PaperWorks,"375 Greenwich Street , Suite 712 , New York , NY 10013 , United States",(215) 984-7018,onepaperworks.com
Peczuh Printing & Paperbox,"355 E 100 S , Price , UT 84501 , United States",435-637-0256,peczuh.com
"Pioneer Packaging, Inc.","220 Padgette Street , Chicopee , MA 01022-1316 , United States",(413) 378-6930,pioneerpackaginginc.com
"Preferred Printing & Packaging, Inc.","1493 E Philadelphia Street , Ontario , CA 91761-5729 , United States",(909) 923-2053,preferredpnp.com
"Printed Specialties, Inc.","5200 Columbia Drive , Carrollton , GA 30117-8758 , United States",(770) 832-1341,printedspecialties.com
"Pusterla US, Inc.","58 Browne Street , Oneonta , NY 13820 , United States",+336 87 34 52 90,pusterla1880.com
"RM Machinery, Inc.","212 N Virginia Ave , Carneys Point , NJ 08069 , United States",8562990870,rmgt.com
Rohrer Corporation,"717 Seville Rd , Wadsworth , OH 44281 , United States",8002436640,rohrer.com
Roosevelt Paper Company,"1 Roosevelt Drive , Mount Laurel , NJ 08054-6307 , United States",(856) 303-4100,rooseveltpaper.com
Royal Paper Box Company,"P.O. Box 458 , 1105 S Maple Avenue , Montebello , CA 90640-0458 , United States",(323) 728-7041,royalpaperbox.com
RRD Packaging Solutions,"3700 S Miami Boulevard , Durham , NC 27703 , United States",(800) 782-4892,rrd.com
S. Walter Packaging Group,"1210 Northbrook Drive , Suite 350 , Trevose , PA 19053 , United States",(888) 429-5673,swpackaginggroup.com
Simon Miller Paper & Packaging,"3409 West Chester Pike , Newtown Square , PA 19073 , United States",(215) 923-3600,simonmiller.com
Standridge Paper Coating,"1196 East Hightower Trail , Social Circle , GA 30025 , United States",(770) 464-3362,standridgecolor.com
"The Meyers Printing Companies, Inc.","7277 Boone Ave N , Minneapolis , MN 55428 , United States",(763) 533-9730,meyers.com
