website,
alimentsasta.com,
drummondexport.com,
amirqualitymeats.com,
atlanticsignaturebeef.ca,
beechgrovefoods.com,
belmontmeats.com,
berettafarms.com,
bouvrycanada.ca,
cbfreezers.com,
sungoldmeats.com,
canadameatgroup.com,
cardinalmeats.com,
cargill.ca,
cbcoalliance.com,
cccasing.com,
charcuteriefortin.com,
conestogameats.com,
cmpmeats.com,
dolanfoods.com,
donaldsfinefoods.com,
dubreton.com,
ccpacking.com,
www1.agric.gov.ab.ca,
frigoroyal.com,
harmonybeef.ca,
hylifefoods.com,
jadeemeats.ca,
jbsfoodcanada.ca,
alimentsroma.com,
orfil.com,
lesters.ca,
viandeslafrance.com,
lucyporc.com,
mapleleaf.ca,
marinifoods.com,
marvid.com,
maxi.com,
montpak.ca,
northforkbison.com,
osolemio.ca,
olymel.com,
orviande.com,
premiermeat.com,
redondoiglesias.com,
riverviewpoultry.com,
sikorski.ca,
siwinfoods.ca,
sofinafoods.com,
springersmeats.com,
sthelensmeat.com,
stampedeculinarypartners.com,
sysco.ca,
thelambcompany.com,
sunterrameats.ca,
truenorthfoods.ca,
vantagefoods.net,
viandesgiroux.com,
viaufood.com,
westernfinemeats.ca,
whiteveal.com,
winklermeats.ca,
casaitaliafinefoods.com,
anderinger.com,
agatlabs.com,
afl.uoguelph.ca,
aquaprole.com,
bassettwalkerinc.com,
bemis.com,
biomerieuxinnovation.ca,
brecon.ca,
broonson.com,
bsa.ca,
bvlabs.com,
canadabeef.ca,
canadianbison.ca,
canammeats.com,
canworld.com,
cascades.com,
certifiedangusbeef.com,
rachisholm.com,
circlefoods.co,
coldstorage.com,
congebec.com,
consco.ca,
corbion.com,
csb.com,
dasainternational.com,
datahex.ca,
delkorsystems.com,
diversey.com,
dolanfoods.com,
dsv.com,
duropac.com,
hofmannplastics.com,
ecolab.com,
flyeia.com,
frontmatec.com,
eurofins.com,
exceedagro.com,
exportpackers.com,
fsns.com,
foodvisioninc.com,
fultonfoodsafety.com,
griffithfoods.com,
halaltransactions.org,
handtmann.ca,
hapfoods.com,
hawkinsinc.com,
heatsealing.ca,
hygiena.com,
iehinc.com,
isaacteam.com,
ifancc.org,
jsferraro.com,
kerrygroup.com,
kwe.com,
goklever.com,
kristom.com,
ca.kuehne-nagel.com,
kungfubutchers.ca,
lnreynolds.com,
lamexfoods.eu,
onelineage.com,
jacklinks.ca,
malabarsuperspice.com,
marel.com,
meatpoultryon.ca,
merieuxnutrisciences.com,
montour.ca,
ca.multivac.com,
neogen.com,
nipponexpress.com,
noblepremiumbison.com,
omori-na.com,
ontariocornfedbeef.com,
ppo.ca,
pjimpex.com,
packall.com,
pemcom.com,
petersteinfss.com,
polyclip.com,
polytarp.com,
pssi.com,
reiser.com,
westrock.com,
rothsay.ca,
safefoods.net,
sanimarc.com,
sanimax.com,
sanitationpros.ca,
sealedair.com,
seapasstrading.com,
sierrasupplychain.com,
suregoodfoods.com,
tbmservicegroup.com,
thomasfoodscanada.com,
toromontmh.com,
tri-mach.com,
trimeats.com,
viscofan.com,
weberweb.com,
wcrl.com,
westshefford.com,
worldpaccanada.com,
www2.zoetis.ca,
loblaw.ca,
metro.ca,
