packaging_name,domain
Misc Material Box,linquip.com
Misc Material Box,vocal.media
Misc Material Box,packagingschool.com
Misc Material Box,sunpack.com
Misc Material Box,blueboxpackaging.com
Misc Material Box,theboxzone.com
Misc Material Box,freedoniagroup.com
Misc Material Box,ectmfg.com
Misc Material Box,imhpackaging.com
Misc Material Box,growthmarketingpro.com
Misc Material Box,corrugatedboxcompanies.com
Misc Material Box,verifiedmarketresearch.com
Misc Material Box,us.metoree.com
Misc Material Box,boxagency.co
Misc Material Box,epackprinting.com
Misc Material Box,discmakers.com
Misc Material Box,berryglobal.com
Misc Material Box,boxup.com
Misc Material Box,popularmechanics.com
Misc Material Box,refinepackaging.com
Misc Material Box,unitedrentals.com
Misc Material Box,imarcgroup.com
Misc Material Box,apple.com
Misc Material Box,jbl.com
Misc Material Box,vistaprint.com
Misc Material Box,dropbox.com
Misc Material Box,apple.com
Misc Material Box,futureaudiophile.com
Misc Material Box,westernslopenow.com
Misc Material Box,ebay.com
Misc Material Box,support.robertsspaceindustries.com
Misc Material Box,fox40.com
Misc Material Box,reuters.com
Misc Material Box,abc7ny.com
Misc Material Box,sonos.com
Misc Material Box,sunsetfordofsumner.com
Misc Material Box,fox2now.com
Misc Material Box,whathifi.com
Misc Material Box,wcia.com
Misc Material Box,wgntv.com
Cardboard Box,linquip.com
Cardboard Box,corrugatedboxcompanies.com
Cardboard Box,packagingschool.com
Cardboard Box,sahalpackaging.com
Cardboard Box,iqsdirectory.com
Cardboard Box,blueboxpackaging.com
Cardboard Box,inven.ai
Cardboard Box,acmebox.com
Cardboard Box,globaldata.com
Cardboard Box,imarcgroup.com
Cardboard Box,corrugatedboxcompanies.com
Cardboard Box,westrock.com
Cardboard Box,elitecustomboxes.com
Cardboard Box,us.metoree.com
Cardboard Box,cardbox-packaging.com
Cardboard Box,delmarvapkg.com
Cardboard Box,packagingblue.com
Cardboard Box,wertheimerbox.com
Cardboard Box,packagingfulfillment.com
Cardboard Box,theboxprinters.com
Cardboard Box,customboxesnow.com
Cardboard Box,imhpackaging.com
Cardboard Box,mesh-bags.com
Cardboard Box,expertmarketresearch.com
Cardboard Box,packagingcorp.com
Cardboard Box,americanpaper.com
Cardboard Box,alliancepackaging.net
Cardboard Box,bpkc.com
Cardboard Box,ensun.io
Cardboard Box,internationalpaper.com
Cardboard Box,pacificbox.com
Cardboard Box,boxgenie.com
Cardboard Box,growthmarketingpro.com
Cardboard Box,akers-pkg.com
Cardboard Box,indexpackaging.com
Cardboard Box,psimd.com
Cardboard Box,racerboxes.com
Cardboard Box,bpkc.com
Cardboard Box,belmontpackaging.co.uk
Cardboard Box,standfastgroup.com
Cardboard Box,gbp.com
Cardboard Box,gpctexas.com
Cardboard Box,jamestowncontainer.com
Cardboard Box,businesswire.com
Cardboard Box,arizonacorrugatedcontainer.com
Cardboard Box,mcelroypackaging.com
Cardboard Box,kellybox.com
Cardboard Box,michiganbox.com
Cardboard Box,sunecobox.com
Cardboard Box,rusken.com
Cardboard Box,cactuscontainers.com
Cardboard Box,oxopackaging.com
Cardboard Box,customcardboardboxesco.com
Cardboard Box,abbe.com.au
Cardboard Box,ktla.com
Cardboard Box,bing.com
Cardboard Box,cbspackaging.co.uk
Cardboard Box,wadpack.com
Cardboard Box,packagingexpress.net
Cardboard Box,brimarpackaging.com
Cardboard Box,peachtreepackaging.com
Cardboard Box,mil-specpkg.com
Cardboard Box,bcipkg.com
Cardboard Box,papermart.com
Cardboard Box,marketsandmarkets.com
Cardboard Box,atlanticpkg.com
Cardboard Box,capcitycontainer.com
Cardboard Box,ipcboxes.com
Cardboard Box,plusprinters.com
Cardboard Box,gbp.com
Cardboard Box,shorr.com
Cardboard Box,leamancontainer.com
Cardboard Box,amboxkc.com
Cardboard Box,expresspkg.com
Cardboard Box,nelsoncontainer.com
Cardboard Box,smithers.com
Cardboard Box,freedoniagroup.com
Cardboard Box,packsize.com
Cardboard Box,keycontainercorp.com
Cardboard Box,packaging-labelling.com
Cardboard Box,bestboxespackingshipping.com
Cardboard Box,customcardboardboxes.com
Cardboard Box,fruitgrowers.com
Cardboard Box,lakewaycontainer.com
Cardboard Box,eammosca.com
Misc Material Tray,mfgtray.com
Misc Material Tray,mfgtray.com
Misc Material Tray,usplastic.com
Misc Material Tray,jamestownplastics.com
Misc Material Tray,rimcoplastics.com
Misc Material Tray,jamestownplastics.com
Misc Material Tray,usplastic.com
Misc Material Tray,protektivepak.descoindustries.com
Misc Material Tray,pattersondental.com
Misc Material Tray,shirleyks.com
Misc Material Tray,visipak.com
Misc Material Tray,channelmfg.com
Misc Material Tray,dental.keystoneindustries.com
Misc Material Tray,vacuumformedplastics.com
Misc Material Tray,ready-made.com
Misc Material Tray,pattersondental.com
Misc Material Tray,us.metoree.com
Misc Material Tray,visipak.com
Misc Material Tray,ebay.com
Misc Material Tray,ready-made.com
Misc Material Tray,shipnerd.com
Misc Material Tray,discmakers.com
Misc Material Tray,legrand.us
Misc Material Tray,freshplaza.com
Misc Material Tray,michelsenpackaging.com
Misc Material Tray,mphusky.com
Misc Material Tray,berryglobal.com
Misc Material Tray,belart.com
Misc Material Tray,justdial.com
Misc Material Tray,malaster.com
Misc Material Tray,freshplaza.com
Misc Material Tray,spectrumchemical.com
Misc Material Tray,ultrasourceusa.com
Misc Material Tray,justdial.com
Misc Material Tray,ebay.com
Misc Material Tray,cb2.com
Misc Material Tray,grovemade.com
Misc Material Tray,net32.com
Misc Material Tray,support.apple.com
Misc Material Tray,sunsetfordofsumner.com
Misc Material Tray,entegris.com
Misc Material Tray,la-z-boy.com
Misc Material Tray,jbl.com
Misc Material Tray,support.apple.com
Misc Material Tray,mcmaster.com
Misc Material Tray,timesfreepress.com
Misc Material Tray,apartmenttherapy.com
Misc Material Tray,turningleftforless.com
Misc Material Tray,timesfreepress.com
Misc Material Tray,hobbylobby.com
Misc Material Tray,nytimes.com
Plastic Bag,danapoly.com
Plastic Bag,polypak.com
Plastic Bag,rainbowpolybag.com
Plastic Bag,us.metoree.com
Plastic Bag,apmbags.com
Plastic Bag,rutanpoly.com
Plastic Bag,plastic-bags.net
Plastic Bag,ensun.io
Plastic Bag,polybags.com
Plastic Bag,uspolypack.com
Plastic Bag,iqsdirectory.com
Plastic Bag,danapoly.com
Plastic Bag,towardspackaging.com
Plastic Bag,uspolypack.com
Plastic Bag,bolddata.nl
Plastic Bag,ibisworld.com
Plastic Bag,procurementiq.com
Plastic Bag,fourstarplastics.com
Plastic Bag,comicsahoy.com
Plastic Bag,checkerbag.com
Plastic Bag,interplas.com
Plastic Bag,apicorp.com
Plastic Bag,redibagusa.com
Plastic Bag,championplastics.com
Plastic Bag,k-packings.com
Plastic Bag,poly-america.com
Plastic Bag,verifiedmarketresearch.com
Plastic Bag,bagmastersusa.com
Plastic Bag,plasticbagpartners.com
Plastic Bag,universalplastic.com
Plastic Bag,zubairiplastics.com
Plastic Bag,cpflexpack.com
Plastic Bag,kr.dgpasike.com
Plastic Bag,polybags.com
Plastic Bag,versa-pak.com
Plastic Bag,mplasticsinc.com
Plastic Bag,cadybag.com
Plastic Bag,clearbags.com
Plastic Bag,noyapro.com
Plastic Bag,futuremarketinsights.com
Plastic Bag,sigmaplasticsgroup.com
Plastic Bag,sourcescrub.com
Plastic Bag,discountplasticbags.com
Plastic Bag,iqsdirectory.com
Plastic Bag,rentechdigital.com
Plastic Bag,packagingschool.com
Plastic Bag,royalbag.com
Plastic Bag,trashcansunlimited.com
Plastic Bag,polypakplastics.com
Plastic Bag,mountainstatesplastics.com
Plastic Bag,greatampack.com
Plastic Bag,aplasticbag.com
Plastic Bag,sandkpackaging.com
Plastic Bag,ipack.com
Plastic Bag,alufplastics.com
Plastic Bag,nashvillewraps.com
Plastic Bag,susupport.com
Plastic Bag,apparelsearch.com
Plastic Bag,imarcgroup.com
Plastic Bag,pasikepackaging.com
Plastic Bag,idealpkg.com
Plastic Bag,universalplastic.com
Plastic Bag,tradeindia.com
Plastic Bag,xtex.co.uk
Plastic Bag,proampac.com
Plastic Bag,bisonbag.com
Plastic Bag,bagmastersusa.com
Plastic Bag,plastic-materials.com
Plastic Bag,rdplastics.com
Plastic Bag,plasticportal.eu
Plastic Bag,baseplastics.com
Plastic Bag,custompoly.com
Plastic Bag,s-dai.com.tw
Plastic Bag,nupackaging.com
Plastic Bag,ronpak.com
Plastic Bag,morganchaney.com
Plastic Bag,okcredit.in
Plastic Bag,unitedbags.com
Plastic Bag,eco-mdsassociates.com
Plastic Bag,grandviewresearch.com
Plastic Bag,packagingbagscustom.com
Plastic Bag,crownpoly.com
Plastic Misc Packaging Format,ibisworld.com
Plastic Misc Packaging Format,plastictechnologies.com
Plastic Misc Packaging Format,plastic-containers.net
Plastic Misc Packaging Format,ibisworld.com
Plastic Misc Packaging Format,mauserpackaging.com
Plastic Misc Packaging Format,sourcescrub.com
Plastic Misc Packaging Format,berryglobal.com
Plastic Misc Packaging Format,mjspackaging.com
Plastic Misc Packaging Format,brentwoodplastics.com
Plastic Misc Packaging Format,towardspackaging.com
Plastic Misc Packaging Format,us.metoree.com
Plastic Misc Packaging Format,kemalmfg.com
Plastic Misc Packaging Format,berryglobal.com
Plastic Misc Packaging Format,fortunebusinessinsights.com
Plastic Misc Packaging Format,auer-packaging.com
Plastic Misc Packaging Format,packagingschool.com
Plastic Misc Packaging Format,plastic-containers.net
Plastic Misc Packaging Format,iqsdirectory.com
Plastic Misc Packaging Format,rose-plastic.us
Plastic Misc Packaging Format,bolddata.nl
Plastic Misc Packaging Format,plasticstoday.com
Plastic Misc Packaging Format,greif.com
Plastic Misc Packaging Format,labelmaster.com
Plastic Misc Packaging Format,oberk.com
Plastic Misc Packaging Format,sciencedirect.com
Plastic Misc Packaging Format,retlawindustries.com
Plastic Misc Packaging Format,munotplastics.com
Plastic Misc Packaging Format,leadiq.com
Plastic Misc Packaging Format,oberk.com
Plastic Misc Packaging Format,axial.net
Plastic Misc Packaging Format,airseacontainers.com
Plastic Misc Packaging Format,rrd.com
Plastic Misc Packaging Format,ptpackaging.com
Plastic Misc Packaging Format,usplastic.com
Plastic Misc Packaging Format,junise.com
Plastic Misc Packaging Format,elitecustomboxes.com
Plastic Misc Packaging Format,usplastic.com
Plastic Misc Packaging Format,ebay.com
Plastic Misc Packaging Format,shop.boeing.com
Plastic Misc Packaging Format,kiowacountypress.net
Plastic Misc Packaging Format,mannlakeltd.com
Plastic Misc Packaging Format,openpr.com
Plastic Misc Packaging Format,ebay.com
Plastic Misc Packaging Format,economictimes.com
Plastic Misc Packaging Format,pcna.com
Plastic Misc Packaging Format,wholesalesuppliesplus.com
Plastic Misc Packaging Format,penninehealthcare.co.uk
Plastic Misc Packaging Format,buy.wesco.com
Plastic Misc Packaging Format,forum.ih8mud.com
Plastic Misc Packaging Format,openpr.com
Plastic Misc Packaging Format,la-z-boy.com
Plastic Misc Packaging Format,economictimes.com
Plastic Misc Packaging Format,inven.ai
Plastic Misc Packaging Format,buy.wesco.com
Plastic Misc Packaging Format,printpackipama.com
Plastic Misc Packaging Format,economictimes.indiatimes.com
Plastic Misc Packaging Format,markdowntohtml.com
Plastic Misc Packaging Format,economictimes.indiatimes.com
Plastic Misc Packaging Format,amazon.in
Plastic Misc Packaging Format,mzwmotor.com
Misc Material Bag,redibagusa.com
Misc Material Bag,ensun.io
Misc Material Bag,murphylift.com
Misc Material Bag,unitedbags.com
Misc Material Bag,palmetto-industries.com
Misc Material Bag,k-packings.com
Misc Material Bag,nationalbulkbag.com
Misc Material Bag,bulkbagdepot.com
Misc Material Bag,ameriglobe-fibc.com
Misc Material Bag,rickshawbags.com
Misc Material Bag,southernpackaginglp.com
Misc Material Bag,gravitaspackaging.net
Misc Material Bag,gulfcoastbag.com
Misc Material Bag,bagcorp.com
Misc Material Bag,us.metoree.com
Misc Material Bag,bagsupply.com
Misc Material Bag,anitaplastics.com
Misc Material Bag,onetonbag.com
Misc Material Bag,bulkbagdepot.com
Misc Material Bag,proampac.com
Misc Material Bag,midwesternbag.com
Misc Material Bag,madeintheusamatters.com
Misc Material Bag,cadybag.com
Misc Material Bag,palmetto-industries.com
Misc Material Bag,italianartisan.com
Misc Material Bag,isellpackaging.com
Misc Material Bag,ameriglobe-fibc.com
Misc Material Bag,southernpackaginglp.com
Misc Material Bag,unitedbags.com
Misc Material Bag,sudarshanaddpack.com
Misc Material Bag,onetonbag.com
Misc Material Bag,tombihn.com
Misc Material Bag,umasree.com
Misc Material Bag,johnpac.com
Misc Material Bag,noyapro.com
Misc Material Bag,ibisworld.com
Misc Material Bag,leelinebags.com
Misc Material Bag,ibisworld.com
Misc Material Bag,sewing-contractors.com
Misc Material Bag,mackenziegolfbags.com
Misc Material Bag,ycbagmaking.com
Misc Material Bag,sandkpackaging.com
Misc Material Bag,softlinebrandpartners.com
Misc Material Bag,bulkbagreclamation.com
Misc Material Bag,sahpolymers.com
Misc Material Bag,nnzusa.com
Misc Material Bag,inter-bulk.com
Misc Material Bag,pactecinc.com
Misc Material Bag,sackmaker.com
Misc Material Bag,materialmotion.com
Misc Material Bag,futuremarketinsights.com
Misc Material Bag,americangearguide.com
Misc Material Bag,transcon.us
Misc Material Bag,kanplas.com
Misc Material Bag,bagcorp.com
Misc Material Bag,sandkpackaging.com
Misc Material Bag,sudarshanaddpack.com
Misc Material Bag,shupackaging.com
Misc Material Bag,mittaltechnopack.com
Misc Material Bag,bwi-1.com
Misc Material Bag,3dbarrierbags.com
Misc Material Bag,iqsdirectory.com
Misc Material Bag,komolplastics.com
Misc Material Bag,mistymtn.com
Misc Material Bag,comsyn.com
Misc Material Bag,cherokeemfg.com
Misc Material Bag,alpinefibc.com
Misc Material Bag,junise.com
Misc Material Bag,sbplastech.com
Misc Material Bag,midwesternbag.com
Misc Material Bag,singhalglobal.com
Misc Material Bag,anitaplastics.com
Misc Material Bag,minibulk.com
Misc Material Bag,materialmotion.com
Misc Material Bag,shupackaging.com
Misc Material Bag,lincolnelectric.com
Misc Material Bag,bulkbagreclamation.com
Misc Material Bag,umasree.com
Misc Material Bag,pearldrum.com
Misc Material Bag,vistaprint.com
Misc Material Bag,fedex.com
Misc Material Bag,ebay.com
Misc Material Bag,harpersferrywv.us
Misc Material Bag,apple.com
Misc Material Bag,disney.com
Misc Material Bag,asus.com
Misc Material Bag,justdial.com
Misc Material Bag,post-gazette.com
Glass Bottle,arglass.us
Glass Bottle,bottlestore.com
Glass Bottle,burchbottle.com
Glass Bottle,fortunebusinessinsights.com
Glass Bottle,berlinpackaging.com
Glass Bottle,tricorbraun.com
Glass Bottle,adiforums.com
Glass Bottle,ardaghgroup.com
Glass Bottle,lomglassworks.com
Glass Bottle,sgsbottle.com
Glass Bottle,seekbottles.com
Glass Bottle,feemio.com
Glass Bottle,roetell.com
Glass Bottle,ensun.io
Glass Bottle,jingsourcing.com
Glass Bottle,misapack.com
Glass Bottle,globaldata.com
Glass Bottle,packafill.com
Glass Bottle,glassbottlewholesale.com
Glass Bottle,moersourcing.com
Glass Bottle,customglassmfg.net
Glass Bottle,ruishengglassco.com
Glass Bottle,jinobo.com
Glass Bottle,o-i.com
Glass Bottle,generalbottle.com
Glass Bottle,ruisenbottle.com
Glass Bottle,beausino.com
Glass Bottle,onestopimport.com
Glass Bottle,vitglassbottle.com
Glass Bottle,unitedbottles.com
Glass Bottle,kandacork.com
Glass Bottle,estal.com
Glass Bottle,glassbottleoutlet.com
Glass Bottle,rockwoodglass.com
Glass Bottle,anchorglass.com
Glass Bottle,glassnow.com
Glass Bottle,nairaland.com
Glass Bottle,vidrala.com
Glass Bottle,lissonpackaging.com
Glass Bottle,wxtopglass.com
Glass Bottle,vetropack.com
Glass Bottle,myeasyglass.com
Glass Bottle,imarcgroup.com
Glass Bottle,bcglassbottles.com
Glass Bottle,vitropackaging.com
Glass Bottle,drugplastics.com
Glass Bottle,stoelzle.com
Glass Bottle,industryselect.com
Glass Bottle,glassbottlewholesale.com
Glass Bottle,huioglassbottle.com
Glass Bottle,sks-bottle.com
Glass Bottle,overproof.com
Glass Bottle,oec.world
Glass Bottle,calaso.com
Glass Bottle,sheenlandglass.com
Glass Bottle,rockwoodglass.com
Glass Bottle,specialtybottle.com
Glass Bottle,oberk.com
Glass Bottle,burchbottle.com
Glass Bottle,silverspurcorp.com
Glass Bottle,tricorbraunwinepak.com
Glass Bottle,glass-bottle.com
Glass Bottle,g3enterprises.com
Glass Bottle,glaspak.com
Glass Bottle,pgpfirst.com
Glass Bottle,galloglass.com
Glass Bottle,blueglass.eu
Glass Bottle,seekbottles.com
Glass Bottle,newhigh.com
Glass Bottle,mjspackaging.com
Glass Bottle,glass-international.com
Glass Bottle,cyglassbottle.com
Glass Bottle,o-i.com
Glass Bottle,smilebottles.com
Glass Bottle,creative-package.com
Glass Bottle,okcredit.in
Glass Bottle,paramountglobal.com
Glass Bottle,croxsons.com
Glass Bottle,verescence.com
Glass Bottle,nakpunar.com
Glass Bottle,l.rccolainternational.com
Glass Bottle,bottlestore.com
Glass Bottle,glass-catalog.com
Glass Bottle,hualianbottle.com
Glass Bottle,stanpacnet.com
Glass Bottle,us.metoree.com
Aluminum Can,verifiedmarketresearch.com
Aluminum Can,fortunebusinessinsights.com
Aluminum Can,alcircle.com
Aluminum Can,procurementresource.com
Aluminum Can,g3enterprises.com
Aluminum Can,ensun.io
Aluminum Can,ball.com
Aluminum Can,ibisworld.com
Aluminum Can,zetwerk.com
Aluminum Can,cancentral.com
Aluminum Can,aluminiumceramicfiber.com
Aluminum Can,novelis.com
Aluminum Can,indexbox.io
Aluminum Can,storymaps.arcgis.com
Aluminum Can,alnapackagingco.com
Aluminum Can,crowncork.com
Aluminum Can,packagingdive.com
Aluminum Can,procoolmfg.com
Aluminum Can,nordson.com
Aluminum Can,bevsource.com
Aluminum Can,silgancontainers.com
Aluminum Can,ororabeverage.com
Aluminum Can,ardaghmetalpackaging.com
Aluminum Can,floridacan.com
Aluminum Can,resource-recycling.com
Aluminum Can,tandobeverage.com
Aluminum Can,harboraluminum.com
Aluminum Can,everycancounts.eu
Aluminum Can,oec.world
Aluminum Can,custommarketinsights.com
Aluminum Can,madehow.com
Aluminum Can,towardspackaging.com
Aluminum Can,vobev.com
Aluminum Can,patents.google.com
Aluminum Can,cansource.com
Aluminum Can,envases.mx
Aluminum Can,logan-aluminum.com
Aluminum Can,imarcgroup.com
Aluminum Can,alcircle.com
Aluminum Can,factmr.com
Aluminum Can,mingtai-al.com
Aluminum Can,cclcontainer.com
Aluminum Can,uacj.co.jp
Aluminum Can,can-one.com
Aluminum Can,canwithacm.com
Aluminum Can,canpack.com
Aluminum Can,bevindustry.com
Aluminum Can,visy.com
Aluminum Can,designlife-cycle.com
Aluminum Can,futuremarketinsights.com
Aluminum Can,grandviewresearch.com
Aluminum Can,xcelenergy.com
Aluminum Can,crowncork.com
Aluminum Can,ibisworld.com
Aluminum Can,industrialphysics.com
Aluminum Can,silgancontainers.com
Aluminum Can,qz.com
Aluminum Can,recyclingtoday.com
Aluminum Can,oberk.com
Aluminum Can,csmonitor.com
Aluminum Can,thinkcans.net
Aluminum Can,cantechonline.com
Aluminum Can,thaibeveragecan.com
Aluminum Can,metaltinpack.com
Aluminum Can,wildpackbev.com
Aluminum Can,adtechamm.com
Aluminum Can,berlinpackaging.com
Aluminum Can,illingcompany.com
Aluminum Can,marketsandmarkets.com
Aluminum Can,industrial.sherwin-williams.com
Aluminum Can,ball.com
Plastic Bottle,jingsourcing.com
Plastic Bottle,sailorplastics.com
Plastic Bottle,blowmoldedplastic.com
Plastic Bottle,usplastic.com
Plastic Bottle,inochiglobal.com
Plastic Bottle,oberk.com
Plastic Bottle,sailorplastics.com
Plastic Bottle,amcor.com
Plastic Bottle,drugplastics.com
Plastic Bottle,berlinpackaging.com
Plastic Bottle,polytainer.com
Plastic Bottle,coherentmarketinsights.com
Plastic Bottle,verifiedmarketresearch.com
Plastic Bottle,ensun.io
Plastic Bottle,lissonpackaging.com
Plastic Bottle,zhongtaiint.com
Plastic Bottle,iqsdirectory.com
Plastic Bottle,iqsdirectory.com
Plastic Bottle,e2global.com
Plastic Bottle,pretiumpkg.com
Plastic Bottle,silganplastics.com
Plastic Bottle,tricorbraun.com
Plastic Bottle,tricorbraun.com
Plastic Bottle,plasticbottle.com
Plastic Bottle,imarcgroup.com
Plastic Bottle,bascousa.com
Plastic Bottle,petainer.com
Plastic Bottle,iqsdirectory.com
Plastic Bottle,industryselect.com
Plastic Bottle,midwestbottles.com
Plastic Bottle,lomglassworks.com
Plastic Bottle,berryglobal.com
Plastic Bottle,bottlestore.com
Plastic Bottle,mjspackaging.com
Plastic Bottle,bevindustry.com
Plastic Bottle,multiplastic.com.mx
Plastic Bottle,rose-plastic.us
Plastic Bottle,goodpac.com
Plastic Bottle,generalbottle.com
Plastic Bottle,ibisworld.com
Plastic Bottle,napcor.com
Plastic Bottle,moersourcing.com
Plastic Bottle,theplasticbottlescompany.com
Plastic Bottle,altiumpkg.com
Plastic Bottle,sks-bottle.com
Plastic Bottle,ferrer-aviation.com
Plastic Bottle,clsmith.com
Plastic Bottle,packagingschool.com
Plastic Bottle,secontainer.com
Plastic Bottle,petropackaging.com
Plastic Bottle,grahampackaging.com
Plastic Bottle,seekbottles.com
Plastic Bottle,plastipak.com
Plastic Bottle,plastic-containers.net
Plastic Bottle,priorityplastics.com
Plastic Bottle,goodada.com
Plastic Bottle,berlinpackaging.com
Plastic Bottle,gerresheimer.com
Plastic Bottle,grandviewresearch.com
Plastic Bottle,coca-colacompany.com
Plastic Bottle,burchbottle.com
Plastic Bottle,businesswire.com
Plastic Bottle,keurigdrpepper.com
Plastic Bottle,pinterest.com
Plastic Bottle,bottleone.com
Plastic Bottle,3plastics.com
Plastic Bottle,timplastics.com
Plastic Bottle,generalbottle.com
Plastic Bottle,plasticbottlesinc.com
Plastic Bottle,ventureradar.com
Plastic Bottle,cmgplastics.com
Plastic Bottle,kaufmancontainer.com
Plastic Bottle,parker-plastics.com
Plastic Bottle,fortunebusinessinsights.com
Plastic Bottle,sourcescrub.com
Plastic Bottle,nytimes.com
Plastic Bottle,themonarchgroup.com
Plastic Bottle,robinsonpackaging.com
Plastic Bottle,usplastic.com
Plastic Bottle,towardspackaging.com
Plastic Bottle,ringcontainer.com
Plastic Bottle,hongjusilicone.com
Plastic Bottle,pactivevergreen.com
Plastic Bottle,oberk.com
Plastic Bottle,globaldata.com
Plastic Bottle,o-i.com
Glass Jar,roetell.com
Glass Jar,burchbottle.com
Glass Jar,oberk.com
Glass Jar,bottlestore.com
Glass Jar,tricorbraun.com
Glass Jar,newhigh.com
Glass Jar,lomglassworks.com
Glass Jar,generalbottle.com
Glass Jar,ensun.io
Glass Jar,arglass.us
Glass Jar,feemio.com
Glass Jar,myeasyglass.com
Glass Jar,seekbottles.com
Glass Jar,ardaghgroup.com
Glass Jar,fortunebusinessinsights.com
Glass Jar,sgsbottle.com
Glass Jar,wxtopglass.com
Glass Jar,jingsourcing.com
Glass Jar,creative-package.com
Glass Jar,roetell.com
Glass Jar,berlinpackaging.com
Glass Jar,sukeauto.com
Glass Jar,beausino.com
Glass Jar,misapack.com
Glass Jar,packafill.com
Glass Jar,glassnow.com
Glass Jar,weckjars.com
Glass Jar,fillmorecontainer.com
Glass Jar,globaldata.com
Glass Jar,adiforums.com
Glass Jar,vitropackaging.com
Glass Jar,thespruceeats.com
Glass Jar,specialtybottle.com
Glass Jar,o-i.com
Glass Jar,anchorglass.com
Glass Jar,sks-bottle.com
Glass Jar,glassbottleoutlet.com
Glass Jar,myeasyglass.com
Glass Jar,stocksmetic.com
Glass Jar,thecarycompany.com
Glass Jar,techgearlab.com
Glass Jar,moersourcing.com
Glass Jar,generalbottle.com
Glass Jar,nakpunar.com
Glass Jar,parkwayjars.com
Glass Jar,flushpackaging.com
Glass Jar,glaspak.com
Glass Jar,everythingkitchens.com
Glass Jar,infinityjars.com
Glass Jar,drugplastics.com
Glass Jar,bormioliroccous.com
Glass Jar,burchbottle.com
Glass Jar,mjspackaging.com
Glass Jar,silverspurcorp.com
Glass Jar,matchory.com
Glass Jar,glass-bottle.com
Glass Jar,industryselect.com
Glass Jar,purmason.com
Glass Jar,usplastic.com
Glass Jar,bascousa.com
Glass Jar,azurestandard.com
Glass Jar,glassjarsandbottles.com
Glass Jar,namawell.com
Glass Jar,beausino.com
Glass Jar,mironglass.com
Glass Jar,rachelstexaskitchen.net
Glass Jar,ruishengglassco.com
Glass Jar,oec.world
Glass Jar,sks-bottle.com
Glass Jar,ruisenbottle.com
Glass Jar,ballmasonjars.com
Glass Jar,smilebottles.com
Glass Jar,bottlestore.com
Glass Jar,pgpfirst.com
Glass Jar,agcc.com
Glass Jar,okcredit.in
Glass Jar,bottleproduce.com
Glass Jar,feemio.com
Glass Jar,galloglass.com
Glass Jar,leparfait.us
Glass Jar,rockwoodglass.com
Glass Jar,ebottles.com
Glass Jar,calaso.com
Glass Jar,downtoearthdistributors.com
Glass Jar,specialtybottle.com
Glass Jar,miron.com
Glass Jar,glassnow.com
Glass Jar,ucan-packaging.com
Plastic Tub,verifiedmarketresearch.com
Plastic Tub,iqsdirectory.com
Plastic Tub,sourcescrub.com
Plastic Tub,illingcompany.com
Plastic Tub,clsmith.com
Plastic Tub,iqsdirectory.com
Plastic Tub,aaronpackaging.com
Plastic Tub,usplastic.com
Plastic Tub,thecarycompany.com
Plastic Tub,visipak.com
Plastic Tub,gpi-plastics.com
Plastic Tub,plastic-containers.net
Plastic Tub,petropackaging.com
Plastic Tub,immould.com
Plastic Tub,packagingschool.com
Plastic Tub,plastic-tubing.biz
Plastic Tub,lusha.com
Plastic Tub,polymer-process.com
Plastic Tub,orbiscorporation.com
Plastic Tub,thorntonplastics.com
Plastic Tub,ringcontainer.com
Plastic Tub,exporthub.com
Plastic Tub,thecarycompany.com
Plastic Tub,inven.ai
Plastic Tub,kaufmancontainer.com
Plastic Tub,globalgrowthinsights.com
Plastic Tub,aeroleads.com
Plastic Tub,plastic-materials.com
Plastic Tub,twbathtub.com
Plastic Tub,inochiglobal.com
Plastic Tub,plastic-tubing.biz
Plastic Tub,noyapro.com
Plastic Tub,us.metoree.com
Plastic Tub,fivegallonideas.com
Plastic Tub,plastic-materials.com
Plastic Tub,plastic-tanks.biz
Plastic Tub,ensun.io
Plastic Tub,globaldata.com
Plastic Tub,ibisworld.com
Plastic Tub,jingsourcing.com
Plastic Tub,spaandtub.com
Plastic Tub,lesliespool.com
Plastic Tub,genpak.com
Plastic Tub,foodandwine.com
Plastic Tub,irisusainc.com
Plastic Tub,pdcspas.com
Plastic Tub,marquisspas.com
Plastic Tub,berryglobal.com
Plastic Tub,starrapid.com
Plastic Tub,hellogoodland.com
Plastic Tub,consumeraffairs.com
Plastic Tub,buckhorninc.com
Plastic Tub,cedartubs.com
Plastic Tub,msurecycling.com
Plastic Tub,myersindustries.com
Plastic Tub,unitedsolutions.net
Plastic Tub,sailorplastics.com
Plastic Tub,silgancontainers.com
Plastic Tub,sistemaplastics.com
Plastic Tub,spa-mart.com
Plastic Tub,cnn.com
Plastic Tub,cambro.com
Plastic Tub,strongspas.com
Plastic Tub,americanwhirlpool.com
Plastic Tub,irisusainc.com
Plastic Tub,oberk.com
Plastic Tub,hottubuniversity.com
Plastic Tub,rubbermaid.com
Plastic Tub,miller-mfg.com
Plastic Tub,blowmoldedplastic.com
Plastic Tub,professionalplastics.com
Plastic Tub,americh.com
Plastic Tub,jacuzzi.com
Plastic Tub,aquaticausa.com
Plastic Tub,trekpools.com
Plastic Tub,theguardian.com
Plastic Tub,eastcoastappliance.com
Plastic Tub,bathfitter.com
Plastic Tub,piedmontplastics.com
Plastic Tub,rukmaniandsons.co.in
Plastic Tub,modpools.com
Plastic Tub,retlawindustries.com
Plastic Tub,justdial.com
Plastic Tub,tupperware.com
Plastic Tub,corelle.com
Plastic Tub,southplastic.com
Plastic Tub,watcomfg.com
Plastic Tub,imarcgroup.com
Plastic Tub,airportappliance.com
Misc Material Tub,twbathtub.com
Misc Material Tub,kkrstone.com
Misc Material Tub,americh.com
Misc Material Tub,finehomecontracting.com
Misc Material Tub,kaldewei.us
Misc Material Tub,georgebuildings.com
Misc Material Tub,kingstonbrass.com
Misc Material Tub,swissgripusa.com
Misc Material Tub,badeloftusa.com
Misc Material Tub,epichottubs.com
Misc Material Tub,ensun.io
Misc Material Tub,hydromassageproducts.com
Misc Material Tub,shklbathroom.com
Misc Material Tub,retirementliving.com
Misc Material Tub,consumeraffairs.com
Misc Material Tub,kingstonbrass.com
Misc Material Tub,givingtreehome.com
Misc Material Tub,bestbath.com
Misc Material Tub,jabrasanitary.com
Misc Material Tub,hydromassageproducts.com
Misc Material Tub,bullfrogspas.com
Misc Material Tub,familyhandyman.com
Misc Material Tub,kohler.com
Misc Material Tub,homedepot.com
Misc Material Tub,southernpipe.com
Misc Material Tub,pattersondental.com
Misc Material Tub,homesandgardens.com
Misc Material Tub,luxurysafes.me
Misc Material Tub,tsbrass.com
Misc Material Tub,javitscenter.com
Misc Material Tub,thespruce.com
Misc Material Tub,acehotel.com
Misc Material Tub,mytwintiers.com
Misc Material Tub,bathspa.ac.uk
Misc Material Tub,architecturalrecord.com
Misc Material Tub,wired.com
Misc Material Tub,rochesterfirst.com
Misc Material Tub,arkansasonline.com
Misc Material Tub,timesfreepress.com
Misc Material Tub,wgnradio.com
Misc Material Tub,wdel.com
Misc Material Tub,union-bulletin.com
Misc Material Tub,wtop.com
Misc Material Tub,kten.com
Misc Material Tub,mytwintiers.com
Misc Material Tub,bostonherald.com
Misc Material Tub,kulr8.com
Misc Material Tub,armoniybeauty.fr
Misc Material Tub,forbes.com
Misc Material Tub,ivpressonline.com
Misc Material Tub,nzherald.co.nz
Misc Material Tub,nytimes.com
Misc Material Tub,southernliving.com
Misc Material Tub,union-bulletin.com
Misc Material Tub,economictimes.com
Misc Material Tub,kulr8.com
Misc Material Tub,homesandgardens.com
Misc Material Wrap,stretchwrappingfilm.com
Misc Material Wrap,wraptite.com
Misc Material Wrap,metrorestyling.com
Misc Material Wrap,us.metoree.com
Misc Material Wrap,ibisworld.com
Misc Material Wrap,metrorestyling.com
Misc Material Wrap,tama-usa.com
Misc Material Wrap,bolddata.nl
Misc Material Wrap,punchout.sigmasupply.com
Misc Material Wrap,industrialpackaging.com
Misc Material Wrap,noissue.co
Misc Material Wrap,packagingschool.com
Misc Material Wrap,teckwrapusa.com
Misc Material Wrap,uspackagingandwrapping.com
Misc Material Wrap,mikirei.com
Misc Material Wrap,ebay.com
Misc Material Wrap,3m.com
Misc Material Wrap,vestil.com
Misc Material Wrap,daltonluka.com
Misc Material Wrap,blog.discmakers.com
Misc Material Wrap,pattersondental.com
Misc Material Wrap,wrapade.com
Misc Material Wrap,ctcpackaging.com
Misc Material Wrap,apple.com
Misc Material Wrap,internationalwholesale.com
Misc Material Wrap,jochenschulz.me
Misc Material Wrap,musicstore.com
Misc Material Wrap,music-man.com
Misc Material Wrap,digikey.com
Misc Material Wrap,apple.com
Misc Material Wrap,ferguson.com
Misc Material Wrap,musicstore.com
Misc Material Wrap,eventdecordirect.com
Misc Material Wrap,nbc4i.com
Misc Material Wrap,ctcpackaging.com
Misc Material Wrap,wcia.com
Misc Material Wrap,wdio.com
Misc Material Wrap,fox13seattle.com
Misc Material Wrap,ksnt.com
Misc Material Wrap,ajc.com
Misc Material Wrap,kob.com
Misc Material Wrap,wcia.com
Misc Material Wrap,hindustantimes.com
Misc Material Wrap,road.cc
Misc Material Wrap,chron.com
Misc Material Wrap,goodmorningamerica.com
Misc Material Wrap,wearpepper.com
Misc Material Wrap,justdial.com
Misc Material Wrap,wdio.com
Misc Material Wrap,openpr.com
Misc Material Wrap,wearpepper.com
Misc Material Wrap,goodmorningamerica.com
Metal Can,verifiedmarketresearch.com
Metal Can,fortunebusinessinsights.com
Metal Can,silgancontainers.com
Metal Can,alcircle.com
Metal Can,procurementresource.com
Metal Can,ensun.io
Metal Can,metaltinpack.com
Metal Can,marketsandmarkets.com
Metal Can,cancentral.com
Metal Can,allstatecan.com
Metal Can,nordson.com
Metal Can,ardaghmetalpackaging.com
Metal Can,ball.com
Metal Can,finetins.com
Metal Can,berlinpackaging.com
Metal Can,aluminiumceramicfiber.com
Metal Can,northern-container.com
Metal Can,ussteel.com
Metal Can,oberk.com
Metal Can,inven.ai
Metal Can,independentcan.com
Metal Can,cancentral.com
Metal Can,indexbox.io
Metal Can,zetwerk.com
Metal Can,bevsource.com
Metal Can,ardaghmetalpackaging.com
Metal Can,oberk.com
Metal Can,extrapolate.com
Metal Can,storymaps.arcgis.com
Metal Can,grandviewresearch.com
Metal Can,crowncork.com
Metal Can,marketsandmarkets.com
Metal Can,procoolmfg.com
Metal Can,bevsource.com
Metal Can,futuremarketinsights.com
Metal Can,floridacan.com
Metal Can,cansource.com
Metal Can,naics.com
Metal Can,triviumpackaging.com
Metal Can,specialtybottle.com
Metal Can,ardaghgroup.com
Metal Can,packagingschool.com
Metal Can,berlinpackaging.com
Metal Can,industrialphysics.com
Metal Can,clsmith.com
Metal Can,envases.mx
Metal Can,ibisworld.com
Metal Can,ucan-packaging.com
Metal Can,tskg-hd.com
Metal Can,houseofcans.com
Metal Can,novelis.com
Metal Can,anheuser-busch.com
Metal Can,towardspackaging.com
Metal Can,industrial.sherwin-williams.com
Metal Can,xcelenergy.com
Metal Can,mzwmotor.com
Metal Can,greycon.com
Metal Can,worldofmanufacturers.com
Metal Can,madehow.com
Metal Can,nordson.com
Metal Can,pipelinepackaging.com
Metal Can,custommarketinsights.com
Metal Can,silgancontainers.com
Metal Can,ororabeverage.com
Metal Can,oec.world
Metal Can,linquip.com
Metal Can,silganholdings.com
Metal Can,tandobeverage.com
Metal Can,triviumpackaging.com
Metal Can,wildpackbev.com
Metal Can,illingcompany.com
Metal Can,home.quakerhoughton.com
Metal Can,euromonitor.com
Metal Can,zeiss.com
Metal Can,containersupplycompany.com
Misc Material Jar,roetell.com
Misc Material Jar,bottlestore.com
Misc Material Jar,berryglobal.com
Misc Material Jar,usplastic.com
Misc Material Jar,oberk.com
Misc Material Jar,downtoearthdistributors.com
Misc Material Jar,essentialsupplies.com
Misc Material Jar,thomassci.com
Misc Material Jar,purmason.com
Misc Material Jar,specialtybottle.com
Misc Material Jar,richardspackaging.com
Misc Material Jar,madeintheusamatters.com
Misc Material Jar,lomglassworks.com
Misc Material Jar,bottlestore.com
Misc Material Jar,wholesalesuppliesplus.com
Misc Material Jar,bottles.com
Misc Material Jar,oberk.com
Misc Material Jar,ensun.io
Misc Material Jar,berryglobal.com
Misc Material Jar,wholesalesuppliesplus.com
Misc Material Jar,ibisworld.com
Misc Material Jar,feemio.com
Misc Material Jar,usplastic.com
Misc Material Jar,beausino.com
Misc Material Jar,dla.mil
Misc Material Jar,fidel-fillaud.com
Misc Material Jar,repurpose.global
Misc Material Jar,coca-colacompany.com
Misc Material Jar,nytimes.com
Misc Material Jar,ballmasonjars.com
Misc Material Jar,unitedrentals.com
Misc Material Jar,ibisworld.com
Misc Material Jar,denix.osd.mil
Misc Material Jar,ball.com
Misc Material Jar,theguardian.com
Misc Material Jar,retlawindustries.com
Misc Material Jar,seekbottles.com
Misc Material Jar,labelmaster.com
Misc Material Jar,ebay.com
Misc Material Jar,mjspackaging.com
Misc Material Jar,dla.mil
Misc Material Jar,nalgene.com
Misc Material Jar,okcredit.in
Misc Material Jar,nytimes.com
Misc Material Jar,greenearthpackaging.com
Misc Material Jar,bestcontainers.com
Misc Material Jar,pattersondental.com
Misc Material Jar,apple.com
Misc Material Jar,tp-link.com
Misc Material Jar,forbes.com
Misc Material Jar,richardspackaging.com
Misc Material Jar,ebay.com
Misc Material Jar,vistaprint.com
Misc Material Jar,accenture.com
Misc Material Jar,wric.com
Misc Material Jar,cbs42.com
Misc Material Jar,britannica.com
Misc Material Jar,wcia.com
Misc Material Jar,ktsm.com
Misc Material Jar,fox40.com
Misc Material Jar,cascadiadaily.com
Misc Material Jar,rochesterfirst.com
Misc Material Jar,abc.net.au
Misc Material Jar,wjtv.com
Misc Material Jar,kget.com
Misc Material Jar,ktsm.com
Misc Material Jar,wbkr.com
Plastic Jar,burchbottle.com
Plastic Jar,parkwayjars.com
Plastic Jar,tricorbraun.com
Plastic Jar,silganplastics.com
Plastic Jar,thecarycompany.com
Plastic Jar,inochiglobal.com
Plastic Jar,bottlestore.com
Plastic Jar,amcor.com
Plastic Jar,berryglobal.com
Plastic Jar,oberk.com
Plastic Jar,bottlesjarsandtubes.com
Plastic Jar,sks-bottle.com
Plastic Jar,usplastic.com
Plastic Jar,generalbottle.com
Plastic Jar,tricorbraun.com
Plastic Jar,bottlestore.com
Plastic Jar,altiumpkg.com
Plastic Jar,burchbottle.com
Plastic Jar,generalbottle.com
Plastic Jar,ensun.io
Plastic Jar,oberk.com
Plastic Jar,impackedpackaging.com
Plastic Jar,thecarycompany.com
Plastic Jar,parkwayjars.com
Plastic Jar,jingsourcing.com
Plastic Jar,futuremarketinsights.com
Plastic Jar,ucan-packaging.com
Plastic Jar,usplastic.com
Plastic Jar,drugplastics.com
Plastic Jar,sailorplastics.com
Plastic Jar,polytainer.com
Plastic Jar,plastic-containers.net
Plastic Jar,verifiedmarketresearch.com
Plastic Jar,blowmoldedplastic.com
Plastic Jar,plastic-containers.net
Plastic Jar,iqsdirectory.com
Plastic Jar,roetell.com
Plastic Jar,lomglassworks.com
Plastic Jar,sgsbottle.com
Plastic Jar,berlinpackaging.com
Plastic Jar,aaronpackaging.com
Plastic Jar,creative-package.com
Plastic Jar,silverspurcorp.com
Plastic Jar,rose-plastic.us
Plastic Jar,ringcontainer.com
Plastic Jar,midwestbottles.com
Plastic Jar,visipak.com
Plastic Jar,wholesalesuppliesplus.com
Plastic Jar,alpla.com
Plastic Jar,seekbottles.com
Plastic Jar,thorntonplastics.com
Plastic Jar,immould.com
Plastic Jar,secontainer.com
Plastic Jar,orbiscorporation.com
Plastic Jar,containerandpackaging.com
Plastic Jar,pretiumpkg.com
Plastic Jar,bascousa.com
Plastic Jar,kaufmancontainer.com
Plastic Jar,plastekgroup.com
Plastic Jar,papermart.com
Plastic Jar,wxtopglass.com
Plastic Jar,lissonpackaging.com
Plastic Jar,sanleplastics.com
Plastic Jar,genpak.com
Plastic Jar,nakpunar.com
Plastic Jar,petropackaging.com
Plastic Jar,specialtybottle.com
Plastic Jar,bottles.com
Plastic Jar,fortunebusinessinsights.com
Plastic Jar,mjspackaging.com
Plastic Jar,vpetusa.com
Plastic Jar,santongplastics.com
Plastic Jar,berlinpackaging.com
Plastic Jar,somewang.com
Plastic Jar,realsimple.com
Plastic Jar,mrpcap.com
Plastic Jar,arglass.us
Plastic Jar,misapack.com
Plastic Jar,wholesalesuppliesplus.com
Plastic Jar,jarsking.com
Plastic Jar,myeasyglass.com
Plastic Jar,ashlandcontainer.com
Plastic Jar,juvitus.com
Plastic Jar,ucan-packaging.com
Plastic Jar,drugplastics.com
Plastic Jar,cooljarz.com
Plastic Jar,wbbottle.com
Misc Material Bottle,inochiglobal.com
Misc Material Bottle,ibisworld.com
Misc Material Bottle,oberk.com
Misc Material Bottle,berryglobal.com
Misc Material Bottle,thecarycompany.com
Misc Material Bottle,usplastic.com
Misc Material Bottle,ensun.io
Misc Material Bottle,usplastic.com
Misc Material Bottle,bottles.com
Misc Material Bottle,bottlestore.com
Misc Material Bottle,eastman.com
Misc Material Bottle,oberk.com
Misc Material Bottle,berryglobal.com
Misc Material Bottle,jingsourcing.com
Misc Material Bottle,bottlestore.com
Misc Material Bottle,roetell.com
Misc Material Bottle,nytimes.com
Misc Material Bottle,bottles.com
Misc Material Bottle,fiberglasssupply.com
Misc Material Bottle,lissonpackaging.com
Misc Material Bottle,nytimes.com
Misc Material Bottle,seattletimes.com
Misc Material Bottle,ebay.com
Misc Material Bottle,mckernan.com
Misc Material Bottle,pattersondental.com
Misc Material Bottle,kaufmancontainer.com
Misc Material Bottle,okcredit.in
Misc Material Bottle,apple.com
Misc Material Bottle,ebay.com
Misc Material Bottle,vistaprint.com
Misc Material Bottle,sailorplastics.com
Misc Material Bottle,accenture.com
Misc Material Bottle,ktsm.com
Misc Material Bottle,fox40.com
Misc Material Bottle,cbs42.com
Misc Material Bottle,cascadiadaily.com
Misc Material Bottle,wjtv.com
Misc Material Bottle,conchovalleyhomepage.com
Misc Material Bottle,kget.com
Misc Material Bottle,wcia.com
Misc Material Bottle,wivb.com
Misc Material Bottle,kron4.com
Misc Material Bottle,ajc.com
Misc Material Bottle,ourquadcities.com
Misc Material Bottle,wtop.com
Misc Material Bottle,wsvn.com
Misc Material Bottle,tribdem.com
Misc Material Bottle,blabbermouth.net
Misc Material Bottle,kget.com
Misc Material Bottle,cbs42.com
Misc Material Bottle,wjtv.com
Plastic Wrap,greycon.com
Plastic Wrap,sigmastretchtools.com
Plastic Wrap,sourcescrub.com
Plastic Wrap,databridgemarketresearch.com
Plastic Wrap,packagingschool.com
Plastic Wrap,industryselect.com
Plastic Wrap,ensun.io
Plastic Wrap,uspackagingandwrapping.com
Plastic Wrap,industrialpackaging.com
Plastic Wrap,interplas.com
Plastic Wrap,stretchtite.com
Plastic Wrap,plasticfilmcorporation.com
Plastic Wrap,plasticstoday.com
Plastic Wrap,hi-techplastics.net
Plastic Wrap,us.metoree.com
Plastic Wrap,tilakpolypack.com
Plastic Wrap,danapoly.com
Plastic Wrap,emalufoil.com
Plastic Wrap,sigmaplasticsgroup.com
Plastic Wrap,plastic-materials.com
Plastic Wrap,kingchuanpackaging.com
Plastic Wrap,ibisworld.com
Plastic Wrap,stretchtite.com
Plastic Wrap,aeroleads.com
Plastic Wrap,stretchwrappingfilm.com
Plastic Wrap,statista.com
Plastic Wrap,mmpcorp.com
Plastic Wrap,tilakpolypack.com
Plastic Wrap,globaldata.com
Plastic Wrap,uspackagingandwrapping.com
Plastic Wrap,fortunebusinessinsights.com
Plastic Wrap,robopacusa.com
Plastic Wrap,nanya-wrapfilm.com
Plastic Wrap,berryglobal.com
Plastic Wrap,cmgplastics.com
Plastic Wrap,ti-films.com
Plastic Wrap,polypak.com
Plastic Wrap,globalspec.com
Plastic Wrap,pactivevergreen.com
Plastic Wrap,americastestkitchen.com
Plastic Wrap,chicwrap.com
Plastic Wrap,poly-america.com
Plastic Wrap,toppan-usa.com
Plastic Wrap,imperialdade.com
Plastic Wrap,ipack.com
Plastic Wrap,pitmaster.amazingribs.com
Plastic Wrap,polymer-process.com
Plastic Wrap,futuremarketinsights.com
Plastic Wrap,lacerta.com
Plastic Wrap,dallasplastics.com
Plastic Wrap,hipac.com
Plastic Wrap,thekitchn.com
Plastic Wrap,plastipak.com
Plastic Wrap,championplastics.com
Plastic Wrap,thongguan.com
Plastic Wrap,nationalgeographic.com
Plastic Wrap,verifiedmarketresearch.com
Plastic Wrap,westrock.com
Plastic Wrap,madehow.com
Plastic Wrap,anchorpackaging.com
Plastic Wrap,corporate.dow.com
Plastic Wrap,tracopackaging.com
Plastic Wrap,sigmaplasticsgroup.com
Plastic Wrap,seamanpaper.com
Plastic Wrap,toraytpa.com
Plastic Wrap,wraptite.com
Plastic Wrap,atlanticpkg.com
Plastic Wrap,industrialpackaging.com
Plastic Wrap,robopacusa.com
Plastic Wrap,plastic-materials.com
Plastic Wrap,uhaul.com
Plastic Wrap,prestoconsumer.com
Plastic Wrap,statista.com
Plastic Wrap,packagingcorp.com
Plastic Wrap,itape.com
Cardboard Misc Packaging Format,rrd.com
Cardboard Misc Packaging Format,coastpackaging.com
Cardboard Misc Packaging Format,linquip.com
Cardboard Misc Packaging Format,rrd.com
Cardboard Misc Packaging Format,packagingschool.com
Cardboard Misc Packaging Format,us.metoree.com
Cardboard Misc Packaging Format,corrugatedboxcompanies.com
Cardboard Misc Packaging Format,forum.ih8mud.com
Cardboard Misc Packaging Format,elitecustomboxes.com
Cardboard Misc Packaging Format,empackboxes.com
Cardboard Misc Packaging Format,okcredit.in
Cardboard Misc Packaging Format,labelmaster.com
Cardboard Misc Packaging Format,growthmarketingpro.com
Cardboard Misc Packaging Format,bolddata.nl
Cardboard Misc Packaging Format,smithcorona.com
Cardboard Misc Packaging Format,emamipaper.com
Cardboard Misc Packaging Format,openpr.com
Cardboard Misc Packaging Format,wholesalesuppliesplus.com
Cardboard Misc Packaging Format,3riversarchery.com
Cardboard Misc Packaging Format,la-z-boy.com
Cardboard Misc Packaging Format,openpr.com
Cardboard Misc Packaging Format,dell.com
Cardboard Misc Packaging Format,duncan-parnell.com
Cardboard Misc Packaging Format,printpackipama.com
Cardboard Misc Packaging Format,startrack.com.au
Plastic Tray,rimcoplastics.com
Plastic Tray,sonoco.com
Plastic Tray,visipak.com
Plastic Tray,solia-usa.com
Plastic Tray,universalplastics.com
Plastic Tray,rimcoplastics.com
Plastic Tray,laneplastics.com
Plastic Tray,vacuumformedplastics.com
Plastic Tray,ecpplastictrays.com
Plastic Tray,munotplastics.com
Plastic Tray,ready-made.com
Plastic Tray,usplastic.com
Plastic Tray,nnzusa.com
Plastic Tray,mfgtray.com
Plastic Tray,greatriverplastics.com
Plastic Tray,iqsdirectory.com
Plastic Tray,store.ready-made.com
Plastic Tray,indepak.com
Plastic Tray,formplastics.com
Plastic Tray,vacuumformedplastics.com
Plastic Tray,solia-usa.com
Plastic Tray,ensun.io
Plastic Tray,usplastic.com
Plastic Tray,formplastics.com
Plastic Tray,gogreenpackaging.com
Plastic Tray,visipak.com
Plastic Tray,ecpplastictrays.com
Plastic Tray,us.metoree.com
Plastic Tray,toplastics.com
Plastic Tray,us.vwr.com
Plastic Tray,vikingplastics.com
Plastic Tray,towardspackaging.com
Plastic Tray,dandvplastics.com
Plastic Tray,elsepack.com
Plastic Tray,dandvplastics.com
Plastic Tray,boardgamegeek.com
Plastic Tray,factmr.com
Plastic Tray,camlinfs.com
Plastic Tray,usa.exportersindia.com
Plastic Tray,transparencymarketresearch.com
Plastic Tray,futuremarketinsights.com
Plastic Tray,clearlyclean.com
Plastic Tray,graphicpkg.com
Plastic Tray,clamshell-packaging.com
Plastic Tray,fulingusa.com
Plastic Tray,contrado.com
Plastic Tray,keypackaging.com
Plastic Tray,reallygoodstuff.com
Plastic Tray,packagingschool.com
Plastic Tray,orbiscorporation.com
Plastic Tray,topqualitygloves.com
Plastic Tray,genpak.com
Plastic Tray,jamestownplastics.com
Plastic Tray,chemtech-us.com
Plastic Tray,westrock.com
Plastic Tray,lindarcorp.com
Plastic Tray,sealedair.com
Plastic Tray,collegecitycrews.com
Plastic Tray,baiwemolding.com
Plastic Tray,envaplaster.com
Plastic Tray,justdial.com
Plastic Tray,elmespackaging.com
Plastic Tray,dordan.com
Plastic Tray,silgancontainers.com
Plastic Tray,sourcescrub.com
Plastic Tray,proampac.com
Plastic Tray,toplastics.com
Plastic Tray,customtray.com
Plastic Tray,tomric.com
Plastic Tray,tradewheel.com
Plastic Tray,thermoformedpackaging.supplyone.com
Plastic Tray,valany.com
Plastic Tray,onebmg.com
Plastic Tray,indepak.com
Plastic Tray,directindustry.com
Plastic Tray,cascades.com
Plastic Tray,greatriverplastics.com
Plastic Tray,pakfactory.com
Plastic Tray,easypak.com
Plastic Tray,pactivevergreen.com
Plastic Tray,mustangpapertray.com
Plastic Tray,ahimsahome.com
Plastic Tray,cambro.com
Plastic Tray,plamfg.com
Plastic Tray,spectrumchemical.com
