id,heroimage,imagesextracted
35578,https://bynder.onerichs.com/m/411df63cb12b40b7/webimage-00049800355781_C3RC.jpg,https://bynder.onerichs.com/m/469aa308385f6f55/webimage-00049800355781_C3LB.jpg | https://bynder.onerichs.com/m/411df63cb12b40b7/webimage-00049800355781_C3RC.jpg | https://bynder.onerichs.com/m/5b9c17e1748c69af/webimage-00049800355781_C1LA.jpg
03395,https://bynder.onerichs.com/m/2682359b81c753bf/webimage-03395_Thawed_Silhouette.jpg,https://bynder.onerichs.com/m/10bba4aae649f559/webimage-03395_Inner-Pack_Styled.jpg | https://bynder.onerichs.com/m/f42877e29913d49/webimage-03395_Thawed_Styled.jpg | https://bynder.onerichs.com/m/fdd70c4c4431c62/webimage-03395_Product-Beauty_Styled.jpg | https://bynder.onerichs.com/m/331d2cdf5eba0100/webimage-03395_Product-Beauty_Plated.jpg | https://bynder.onerichs.com/m/2576f4031fe6be48/webimage-00049800033955_C1LA.jpg | https://bynder.onerichs.com/m/6e60c4380c0fbf32/webimage-06768_Family_General.jpg
11287,https://bynder.onerichs.com/m/25de62a09eaf8728/webimage-11287_Frozen_Silhouette-2.jpg,https://bynder.onerichs.com/m/323f9e0ce2eeb06e/webimage-11287_Inner-Pack_Styled.jpg | https://bynder.onerichs.com/m/50428491b90f74eb/webimage-11287_Frozen_Styled.jpg | https://bynder.onerichs.com/m/55a2be1a4ab2b60e/webimage-11287_Product-Beauty_Silhouette.jpg | https://bynder.onerichs.com/m/3341ce77598eba1/webimage-11287_Product-Beauty_Plated.jpg | https://bynder.onerichs.com/m/6fff134c27e8cefe/webimage-11287_Case_Sealed_Silhouette.jpg | https://bynder.onerichs.com/m/5eaa217b0b0aa6a9/webimage-23624_Family_General-2.jpg | https://bynder.onerichs.com/m/5600684c53cd372f/webimage-10750903112887_B1LM.jpg
49726,https://bynder.onerichs.com/m/26e67155a19b62bd/webimage-49730_Thawed_Silhouette.jpg,https://bynder.onerichs.com/m/3f76bbd622a8def9/webimage-49730_Inner-Pack_Styled.jpg | https://bynder.onerichs.com/m/70f2c790340c4bb/webimage-49730_Thawed_Styled.jpg | https://bynder.onerichs.com/m/549eed99c30af70a/webimage-49730_Product-Beauty_Styled.jpg | https://bynder.onerichs.com/m/1a053cf2602e93f9/webimage-49730_Product-Beauty_Plated.jpg | https://bynder.onerichs.com/m/22dee8d21df7ab55/webimage-00750903497260_C1RA.jpg | https://bynder.onerichs.com/m/186b159c7ba3fcfd/webimage-00750903497260_C1RM.jpg
01813,https://bynder.onerichs.com/m/a9348546a4fa05/webimage-01815_Thawed_Silhouette.jpg,https://bynder.onerichs.com/m/1a83fa8594882628/webimage-01815_Inner-Pack_Styled.jpg | https://bynder.onerichs.com/m/35766cf4a872f75f/webimage-01815_Thawed_Styled.jpg | https://bynder.onerichs.com/m/6f94f0b801f880f0/webimage-01815_Product-Beauty_Styled.jpg | https://bynder.onerichs.com/m/37790770f328d8a2/webimage-00750903018137_C1RA.jpg | https://bynder.onerichs.com/m/6ca347319853f155/webimage-00750903018137_C1RM.jpg
49730,https://bynder.onerichs.com/m/26e67155a19b62bd/webimage-49730_Thawed_Silhouette.jpg,https://bynder.onerichs.com/m/3f76bbd622a8def9/webimage-49730_Inner-Pack_Styled.jpg | https://bynder.onerichs.com/m/70f2c790340c4bb/webimage-49730_Thawed_Styled.jpg | https://bynder.onerichs.com/m/549eed99c30af70a/webimage-49730_Product-Beauty_Styled.jpg | https://bynder.onerichs.com/m/1a053cf2602e93f9/webimage-49730_Product-Beauty_Plated.jpg | https://bynder.onerichs.com/m/553ca7ecb9585f0/webimage-00750903497307_C1RA.jpg | https://bynder.onerichs.com/m/77b33bf37bba5525/webimage-00750903497307_C1RM.jpg
01815,https://bynder.onerichs.com/m/a9348546a4fa05/webimage-01815_Thawed_Silhouette.jpg,https://bynder.onerichs.com/m/1a83fa8594882628/webimage-01815_Inner-Pack_Styled.jpg | https://bynder.onerichs.com/m/35766cf4a872f75f/webimage-01815_Thawed_Styled.jpg | https://bynder.onerichs.com/m/6f94f0b801f880f0/webimage-01815_Product-Beauty_Styled.jpg | https://bynder.onerichs.com/m/3da058f256587f0a/webimage-01815_Product-Beauty_Plated-2.jpg | https://bynder.onerichs.com/m/7d3368a1d801e6f1/webimage-00750903018151_C1RA.jpg | https://bynder.onerichs.com/m/168a06b70a62e867/webimage-00750903018151_C1RM.jpg
24343,https://bynder.onerichs.com/m/69f9060408d118a2/webimage-24343_Thawed_Silhouette.jpg,https://bynder.onerichs.com/m/5be263816f64979d/webimage-24343_Inner-Pack_Styled.jpg | https://bynder.onerichs.com/m/663db8baa6409f04/webimage-24343_Thawed_Styled.jpg | https://bynder.onerichs.com/m/1db6fcee4fbf82af/webimage-24343_Product-Beauty_Styled.jpg | https://bynder.onerichs.com/m/7eaaa042910248e4/webimage-24343_Product-Beauty_Plated-4.jpg | https://bynder.onerichs.com/m/23b069cccd5d3f06/webimage-24343_Case_Sealed_Silhouette-1.jpg | https://bynder.onerichs.com/m/76b0e482838a8e5b/webimage-24343_Family_General.jpg | https://bynder.onerichs.com/m/5e2f6e200b1a1111/webimage-24343_Case_Opened_Silhouette.jpg
24345,https://bynder.onerichs.com/m/58c6e777b029f5c8/webimage-24345_Thawed_Silhouette.jpg,https://bynder.onerichs.com/m/45b08c89debaa177/webimage-24345_Inner-Pack_Styled.jpg | https://bynder.onerichs.com/m/2a5da97162ec327b/webimage-24345_Thawed_Styled.jpg | https://bynder.onerichs.com/m/2794257d8d29f777/webimage-24345_Product-Beauty_Styled.jpg | https://bynder.onerichs.com/m/28daf33940bfebc2/webimage-24345_Product-Beauty_Plated.jpg | https://bynder.onerichs.com/m/6584f1a717673044/webimage-24345_Case_Sealed_Silhouette.jpg | https://bynder.onerichs.com/m/76b0e482838a8e5b/webimage-24343_Family_General.jpg | https://bynder.onerichs.com/m/bbe18e3bf05683b/webimage-24345_Case_Opened_Silhouette.jpg
07759,https://bynder.onerichs.com/m/266669da29eaeaeb/webimage-07759_Frozen_Silhouette.jpg,https://bynder.onerichs.com/m/650033d4a34d4fb0/webimage-07759_Inner-Pack_Styled.jpg | https://bynder.onerichs.com/m/2cbcf818ed3e1ec0/webimage-07759_Frozen_Styled.jpg | https://bynder.onerichs.com/m/63ef9689becd39ea/webimage-07759_Product-Beauty_Styled.jpg | https://bynder.onerichs.com/m/44a628e184f8c938/webimage-07759_Product-Beauty_Plated.jpg | https://bynder.onerichs.com/m/3ab02f30af6670db/webimage-10750903077599_A1LA.jpg | https://bynder.onerichs.com/m/5eaa217b0b0aa6a9/webimage-23624_Family_General-2.jpg | https://bynder.onerichs.com/m/595d46f12880642d/webimage-10750903077599_B1LM.jpg
11292,https://bynder.onerichs.com/m/7a38ca8e1a42035b/webimage-11292_Frozen_Silhouette-2.jpg,https://bynder.onerichs.com/m/7500dd8ea291cdb2/webimage-11292_Inner-Pack_Styled.jpg | https://bynder.onerichs.com/m/a7c1b25389a0e48/webimage-11292_Frozen_Styled.jpg | https://bynder.onerichs.com/m/3061639d5d198322/webimage-11292_Product-Beauty_Silhouette.jpg | https://bynder.onerichs.com/m/44183634300e25be/webimage-11292_Product-Beauty_Plated.jpg | https://bynder.onerichs.com/m/220cb5400a67b931/webimage-00750903112927_CL_A1LA_JPEG_3.jpg | https://bynder.onerichs.com/m/5eaa217b0b0aa6a9/webimage-23624_Family_General-2.jpg | https://bynder.onerichs.com/m/5430ddc65b4d0dd8/webimage-11292_Case_Opened_Silhouette.jpg
20384,https://bynder.onerichs.com/m/52216f42434cefa3/webimage-20384_Thawed_Silhouette-2.jpg,https://bynder.onerichs.com/m/b1c42a7f2c98490/webimage-20384_Inner-Pack_Styled.jpg | https://bynder.onerichs.com/m/64453f73a27ecd95/webimage-20384_Thawed_Styled.jpg | https://bynder.onerichs.com/m/8680715e356eeb5/webimage-20384_Product-Beauty_Styled.jpg | https://bynder.onerichs.com/m/2145df85bbe0bfd4/webimage-20384_Product-Beauty_Plated.jpg | https://bynder.onerichs.com/m/3cb77ff804e5d47b/webimage-20384_Case_Sealed_Silhouette.jpg | https://bynder.onerichs.com/m/195e9a59edac9653/webimage-20384_Case_Opened_Silhouette.jpg
20385,https://bynder.onerichs.com/m/7ef2a91f6febcab9/webimage-20385_Thawed_Silhouette-2.jpg,https://bynder.onerichs.com/m/4d22fdffa7908a5c/webimage-20385_Inner-Pack_Styled.jpg | https://bynder.onerichs.com/m/40c64370b0b4e1cc/webimage-20385_Thawed_Styled.jpg | https://bynder.onerichs.com/m/132735d97a8abc95/webimage-20385_Product-Beauty_Styled-2.jpg | https://bynder.onerichs.com/m/23d2b39c4d466166/webimage-20385_Product-Beauty_Plated.jpg | https://bynder.onerichs.com/m/6f18b3757caf8ed9/webimage-20385_Case_Sealed_Silhouette.jpg | https://bynder.onerichs.com/m/dabf849abd58faf/webimage-20385_Family_General-3.jpg | https://bynder.onerichs.com/m/69cf67bdef1258bf/webimage-20385_Case_Opened_Silhouette.jpg
14991,https://bynder.onerichs.com/m/6719e3b058f26755/webimage-00036631149917_C3CC.jpg,https://bynder.onerichs.com/m/6e42bb9fd23cb3a2/webimage-00036631149917_C1CB.jpg | https://bynder.onerichs.com/m/6719e3b058f26755/webimage-00036631149917_C3CC.jpg | https://bynder.onerichs.com/m/76239da49b5cfdf/webimage-00036631149917_C1LA.jpg | https://bynder.onerichs.com/m/60d6d09b50d70150/webimage-14991_Family_General.jpg | https://bynder.onerichs.com/m/2014777b1c28e7f2/webimage-00036631149917_C1LM.jpg
23625,https://bynder.onerichs.com/m/5f3a109c76323a58/webimage-23625_Thawed_Silhouette.jpg,https://bynder.onerichs.com/m/57fe5e9cc465bcd8/webimage-23625_Thawed_Silhouette-2.jpg | https://bynder.onerichs.com/m/5f1d7efce3d09337/webimage-23625_Thawed_Styled.jpg | https://bynder.onerichs.com/m/4dca78de7b18a03b/webimage-23625_Product-Beauty_Plated.jpg | https://bynder.onerichs.com/m/246660903eaddc3/webimage-10049800236254_C1LA.jpg | https://bynder.onerichs.com/m/5eaa217b0b0aa6a9/webimage-23624_Family_General-2.jpg | https://bynder.onerichs.com/m/494a7d919df7b88b/webimage-10049800236254_C1LM.jpg
22921,https://bynder.onerichs.com/m/31f9ab2433040624/webimage-22921_Thawed_Silhouette-2.jpg,https://bynder.onerichs.com/m/180c2fa88246ec35/webimage-22921_Inner-Pack_Styled.png | https://bynder.onerichs.com/m/5baf9e6696228f39/webimage-22921_Inner-Pack_Styled2.jpg | https://bynder.onerichs.com/m/42db7c9a98147846/webimage-22921_Thawed_Styled.jpg | https://bynder.onerichs.com/m/1a24c643f8d5ca2d/webimage-22921_Product-Beauty_Styled.jpg | https://bynder.onerichs.com/m/76f3a3d3735ffe35/webimage-22921_Product-Beauty_Plated.jpg | https://bynder.onerichs.com/m/10201ef7f44a47c6/webimage-22921_Case_Sealed_Silhouette.jpg | https://bynder.onerichs.com/m/587b16dd155f6189/webimage-22921_Family_General.jpg | https://bynder.onerichs.com/m/627ebbe1b2434d3b/webimage-22921_Case_Opened_Silhouette.jpg
20386,https://bynder.onerichs.com/m/270e88f347085023/webimage-20386_Thawed_Silhouette.jpg,https://bynder.onerichs.com/m/75a2f932b61d13bb/webimage-20386_Inner-Pack_Styled.jpg | https://bynder.onerichs.com/m/2fd839300b6d63d4/webimage-20386_Thawed_Styled.jpg | https://bynder.onerichs.com/m/7ca13f03317d0bd7/webimage-20386_Product-Beauty_Styled.jpg | https://bynder.onerichs.com/m/86bea1247bd04b1/webimage-20386_Product-Beauty_Plated-2-1.jpg | https://bynder.onerichs.com/m/9c46c2397b03957/webimage-20386_Case_Sealed_Silhouette.jpg | https://bynder.onerichs.com/m/3706fa32e23809b/webimage-20386_Case_Opened_Silhouette.jpg
14988,https://bynder.onerichs.com/m/5845d82322fd6602/webimage-00036631149887_C1CC.jpg,https://bynder.onerichs.com/m/302087abfed96fbe/webimage-00036631149887_C1CB.jpg | https://bynder.onerichs.com/m/5845d82322fd6602/webimage-00036631149887_C1CC.jpg | https://bynder.onerichs.com/m/4960c51583b5172c/webimage-00036631149887_C1RA.jpg | https://bynder.onerichs.com/m/10f68a9397e9f7f6/webimage-00036631149887_C1RM.jpg
20387,https://bynder.onerichs.com/m/33a18392701fb22a/webimage-20387_Thawed_Silhouette.jpg,https://bynder.onerichs.com/m/2a8d889175f1dc08/webimage-20387_Inner-Pack_Styled.jpg | https://bynder.onerichs.com/m/3138737485fe208a/webimage-20387_Thawed_Styled.jpg | https://bynder.onerichs.com/m/2cb3ec2bd579fe4/webimage-20387_Product-Beauty_Styled.jpg | https://bynder.onerichs.com/m/636aebdc83567394/webimage-20387_Product-Beauty_Plated-2.jpg | https://bynder.onerichs.com/m/62799ae13e160f9/webimage-20387_Case_Sealed_Silhouette.jpg | https://bynder.onerichs.com/m/768edbd05980ea85/webimage-20387_Case_Opened_Silhouette.jpg
23624,https://bynder.onerichs.com/m/627da23ab779881d/webimage-23624_Thawed_Silhouette.jpg,https://bynder.onerichs.com/m/355fbb5fd8242aa2/webimage-23624_Inner-Pack_Silhouette.jpg | https://bynder.onerichs.com/m/7369a8a42d181bb0/webimage-23624_Thawed_Styled.jpg | https://bynder.onerichs.com/m/54d7b4f26e5ea1b6/webimage-23624_Product-Beauty_Plated.jpg | https://bynder.onerichs.com/m/322991a3218dbdca/webimage-10049800236247_C1LA.jpg | https://bynder.onerichs.com/m/5eaa217b0b0aa6a9/webimage-23624_Family_General-2.jpg | https://bynder.onerichs.com/m/5f38c001ce365bcb/webimage-10049800236247_C1LM.jpg
23626,https://bynder.onerichs.com/m/1068fd53a801c55b/webimage-23626_Thawed_Silhouette.jpg,https://bynder.onerichs.com/m/3dfbafe7307363d3/webimage-23626_Inner-Pack_Styled.jpg | https://bynder.onerichs.com/m/5582c088dc198cab/webimage-23626_Thawed_Styled.jpg | https://bynder.onerichs.com/m/396004605f0b3748/webimage-23626_Product-Beauty_Plated.jpg | https://bynder.onerichs.com/m/53c7ff95850d096d/webimage-10049800236261_C1LA.jpg | https://bynder.onerichs.com/m/5eaa217b0b0aa6a9/webimage-23624_Family_General-2.jpg | https://bynder.onerichs.com/m/607190c548a2757b/webimage-10049800236261_C1LM.jpg
03957,https://bynder.onerichs.com/m/2860b097b9b06f00/webimage-03957_Product-Beauty_Silhouette.jpg,https://bynder.onerichs.com/m/57549f5738c8aa06/webimage-03957_Inner-Pack_Styled-2.jpg | https://bynder.onerichs.com/m/70865a9480867717/webimage-03957_Frozen_Styled.jpg | https://bynder.onerichs.com/m/2860b097b9b06f00/webimage-03957_Product-Beauty_Silhouette.jpg | https://bynder.onerichs.com/m/6ac33452dac642bb/webimage-03957_Product-Beauty_Plated.jpg | https://bynder.onerichs.com/m/7486d2808cd6be2b/webimage-10049800039572_C1RA.jpg | https://bynder.onerichs.com/m/5eaa217b0b0aa6a9/webimage-23624_Family_General-2.jpg | https://bynder.onerichs.com/m/45d909a9d75187e3/webimage-10049800039572_C1RM.jpg
04325,https://bynder.onerichs.com/m/44c9e7b68244eb8c/webimage-04325_Frozen_Silhouette.jpg,https://bynder.onerichs.com/m/797dc5e007093706/webimage-04325_Inner-Pack_Silhouette.png | https://bynder.onerichs.com/m/396c0dc4a2141e64/webimage-04325_Frozen_Styled.jpg | https://bynder.onerichs.com/m/6e699f55fa1bf47d/webimage-04325_Product-Beauty_Silhouette.jpg | https://bynder.onerichs.com/m/7699d63b84684da3/webimage-04325_Product-Beauty_Plated.jpg | https://bynder.onerichs.com/m/29206e5eaaf8f75c/webimage-10049800043258_C1RA.jpg | https://bynder.onerichs.com/m/5eaa217b0b0aa6a9/webimage-23624_Family_General-2.jpg | https://bynder.onerichs.com/m/2ce3466d4f22f2ba/webimage-10049800043258_C1RM.jpg
07754,https://bynder.onerichs.com/m/12457d6b56423592/webimage-07754_Frozen_Silhouette.jpg,https://bynder.onerichs.com/m/3f98d1bb0841d159/webimage-07754_Inner-Pack_Silhouette-3.jpg | https://bynder.onerichs.com/m/649e7d24c7c3cdb2/webimage-07754_Frozen_Styled.jpg | https://bynder.onerichs.com/m/69fba8b316e1627d/webimage-07754_Product-Beauty_Silhouette.jpg | https://bynder.onerichs.com/m/15ed396498f58c99/webimage-07754_Product-Beauty_Plated.jpg | https://bynder.onerichs.com/m/1d26dc4c5d2db1db/webimage-00750903077547_CL_A1LA_JPEG_3.jpg | https://bynder.onerichs.com/m/5eaa217b0b0aa6a9/webimage-23624_Family_General-2.jpg | https://bynder.onerichs.com/m/309bd3bb773b40bc/webimage-07754_Case_Opened_Silhouette.jpg
00405,https://bynder.onerichs.com/m/4f0ed8737d714bd4/webimage-00049800004054_C1CC.jpg,https://bynder.onerichs.com/m/4cdbd574c376d1ad/webimage-00405_Inner-Pack_Styled.jpg | https://bynder.onerichs.com/m/4a6a669000e28d84/webimage-00049800004054_A1NG___3.jpg | https://bynder.onerichs.com/m/48ef1feaa344676c/webimage-00405_Product-Beauty_Styled-2.jpg | https://bynder.onerichs.com/m/7d1497fa3594d2dc/webimage-00405_Hands-in-Action_Thawed.jpg | https://bynder.onerichs.com/m/3c053735c612d983/webimage-00405_Product-Beauty_Plated.jpg | https://bynder.onerichs.com/m/2ddf830b44985e81/webimage-00405_Product_Feature.jpg | https://bynder.onerichs.com/m/3b14823edba04b9f/webimage-00049800004054_A1LA.jpg | https://bynder.onerichs.com/m/77b8e2f569c27a2f/webimage-06768_Family_General-4.jpg | https://bynder.onerichs.com/m/1f0c400a87f68755/webimage-00049800004054_A1LM.jpg | https://bynder.onerichs.com/m/953dbd4a3195b95/webimage-00405_People-in-Action_Finished.jpg
62799,https://bynder.onerichs.com/m/193fbf27c84df148/webimage-10049800627991_A1CC.jpg,https://bynder.onerichs.com/m/74996b99a92b8ce/webimage-00049800627994_A1C1.jpg | https://bynder.onerichs.com/m/193fbf27c84df148/webimage-10049800627991_A1CC.jpg | https://bynder.onerichs.com/m/9d44f21d2fa105f/webimage-10049800627991_A1LA.jpg | https://bynder.onerichs.com/m/3f9a43e585e35e55/webimage-10049800627991_A1LM.jpg
29612,https://bynder.onerichs.com/m/1a790118bef5e69f/webimage-29612_Inner-Pack_Silhouette-2.jpg,https://bynder.onerichs.com/m/71a68cb19a247eb2/webimage-29612_Inner-Pack_Styled.jpg | https://bynder.onerichs.com/m/585f9ce0191d7c84/webimage-29612_Thawed_Styled.jpg | https://bynder.onerichs.com/m/6de3400eca3031d4/webimage-29612_Hands-in-Action_Thawed.jpg | https://bynder.onerichs.com/m/1955e332f59056bc/webimage-29612_Product-Beauty_Plated.jpg | https://bynder.onerichs.com/m/911a9e28ac904f9/webimage-80049800296127_C1RA.jpg | https://bynder.onerichs.com/m/11677ecf6bd71486/webimage-00222_Family_General-3.jpg | https://bynder.onerichs.com/m/4a29de5a57e5abd0/webimage-80049800296127_C1RM.jpg
15701,https://bynder.onerichs.com/m/67ed33e8b945ca9f/webimage-00049800157019_A1CC.jpg,https://bynder.onerichs.com/m/10f02cefb40fbc5d/webimage-00049800157019_A1NG___4.jpg | https://bynder.onerichs.com/m/67ed33e8b945ca9f/webimage-00049800157019_A1CC.jpg | https://bynder.onerichs.com/m/5bdf7640126e4cb6/webimage-00049800157019_A1LA.jpg | https://bynder.onerichs.com/m/cd11e1a9bf1bbc8/webimage-00049800157019_A1NG___3.jpg
21962,https://bynder.onerichs.com/m/2280ebc1e118d15c/webimage-00049800461239_A1CC.jpg,https://bynder.onerichs.com/m/a126cf103188c99/webimage-00049800461239_A1CG___4.jpg | https://bynder.onerichs.com/m/2280ebc1e118d15c/webimage-00049800461239_A1CC.jpg | https://bynder.onerichs.com/m/f7d68974c414bd4/webimage-00049800219625_A1LA.jpg | https://bynder.onerichs.com/m/145da7e957fa5e80/webimage-00049800461239_A1NG___3.jpg
06642,https://bynder.onerichs.com/m/47add523caa7b5be/webimage-00049800066427_C1CC.jpg,https://bynder.onerichs.com/m/3602bfa3545ef0bb/webimage-06642_Frozen_Styled.jpg | https://bynder.onerichs.com/m/45a2da2980e67c97/webimage-06642_Product-Beauty_Styled.jpg | https://bynder.onerichs.com/m/4aeca277a10cd3e2/webimage-06642_Hands-in-Action_Thawed.jpg | https://bynder.onerichs.com/m/2fe8235a899dc1c5/webimage-06642_Product-Beauty_Plated.jpg | https://bynder.onerichs.com/m/5c31ccbcaed49314/webimage-06642_Product-Feature.jpg | https://bynder.onerichs.com/m/6681a2e82285a59e/webimage-00049800066427_C1RA.jpg
11823,https://bynder.onerichs.com/m/1cbcbf4f3f08a2bf/webimage-11823_Thawed_Silhouette.jpg,https://bynder.onerichs.com/m/9e2fcb2dd9965c1/webimage-RICHS_03-20-2018-004.jpg | https://bynder.onerichs.com/m/6258413b889cd28a/webimage-11823_Thawed_Styled.jpg | https://bynder.onerichs.com/m/118646663e764fbb/webimage-11823_Product-Beauty_Styled.jpg | https://bynder.onerichs.com/m/660ee6e1959baa9f/webimage-11823_Hands-in-Action_Thawed.jpg | https://bynder.onerichs.com/m/7a9209a767a64c9b/webimage-11823_Product-Beauty_Plated.jpg | https://bynder.onerichs.com/m/734366869ab8b0a8/webimage-11823_Product_Feature.jpg | https://bynder.onerichs.com/m/7e5c01149055db0f/webimage-00049800118232_A1LA.jpg | https://bynder.onerichs.com/m/6f3e81aa5b9d2837/webimage-00049800118232_B1LM.jpg
11819,https://bynder.onerichs.com/m/75e09c668d678703/webimage-11819_Thawed_Silhouette.jpg,https://bynder.onerichs.com/m/5d0d388dcce9bfba/webimage-11819_Thawed_Styled.jpg | https://bynder.onerichs.com/m/5b1806a2760f7d9d/webimage-20371_Product-Beauty_Styled.jpg | https://bynder.onerichs.com/m/5d62bbbfefac61bf/webimage-20371_Product-Beauty_Plated.jpg | https://bynder.onerichs.com/m/335e8fc2925e2321/webimage-00049800118195_A1LA.jpg | https://bynder.onerichs.com/m/41ca11df14449cd8/webimage-00049800118195_A1NG___3.jpg
35060,https://bynder.onerichs.com/m/425ccebb1d099f98/webimage-00049800350601_C1CC.jpg,https://bynder.onerichs.com/m/21e91689b02ba59/webimage-35060_Frozen_Styled.jpg | https://bynder.onerichs.com/m/6b3e78cabae09935/webimage-35060_Product-Beauty_Styled.jpg | https://bynder.onerichs.com/m/722e71a87c80ee88/webimage-35060_Hands-in-Action_Thawed-2.jpg | https://bynder.onerichs.com/m/485d81cd6afb90c1/webimage-35060_Product-Beauty_Plated.jpg | https://bynder.onerichs.com/m/1c2426fd546eb5e4/webimage-35060_Product_Feature.jpg | https://bynder.onerichs.com/m/6c9c255153c5324d/webimage-00049800350601_C1RA.jpg
19414,https://bynder.onerichs.com/m/436898e7277d306f/webimage-19414_Frozen_Silhouette.jpg,https://bynder.onerichs.com/m/38c8d42873988b9/webimage-19414_Frozen_Styled.jpg | https://bynder.onerichs.com/m/42571e9db247324f/webimage-19414_Product-Beauty_Styled.jpg | https://bynder.onerichs.com/m/18292ef1857847c6/webimage-19414_Hands-in-Action_Thawed.jpg | https://bynder.onerichs.com/m/14d30c4ad9008e87/webimage-19414_Product-Beauty_Plated.jpg | https://bynder.onerichs.com/m/4de57d82b5122638/webimage-19414_Product-Feature.jpg | https://bynder.onerichs.com/m/5a6151ff61241662/webimage-00049800194144_C1LA.jpg
84988,https://bynder.onerichs.com/m/7120d1d1ad099381/webimage-00049800849884_A1CC.jpg,https://bynder.onerichs.com/m/387b021cc1eb34e2/webimage-00049800849884_A1NG___4.jpg | https://bynder.onerichs.com/m/7120d1d1ad099381/webimage-00049800849884_A1CC.jpg | https://bynder.onerichs.com/m/667ab666e0bffc7c/webimage-00049800849884_A1LA.jpg | https://bynder.onerichs.com/m/2996cd445e1aabde/webimage-00049800849884_A1NG___3.jpg
00809,https://bynder.onerichs.com/m/6a129ff39320d6e/webimage-00049800008090_C3CC.jpg,https://bynder.onerichs.com/m/28b7679176201de3/webimage-00049800008090_C1RB.jpg | https://bynder.onerichs.com/m/6a129ff39320d6e/webimage-00049800008090_C3CC.jpg | https://bynder.onerichs.com/m/169ece4f59d09b1f/webimage-00049800008090_C1RA.jpg
18602,https://bynder.onerichs.com/m/5da0d3c2f2a3fd6e/webimage-18602_Thawed_Silhouette.jpg,https://bynder.onerichs.com/m/126af98480acb03a/webimage-00049800186026_C3CD.jpg | https://bynder.onerichs.com/m/65884a5896f09483/webimage-18602_Thawed_Styled.jpg | https://bynder.onerichs.com/m/6db119030608fabb/webimage-18602_Product-Beauty_Styled.jpg | https://bynder.onerichs.com/m/7d30faa494739f7d/webimage-18602_Hands-in-Action_Thawed.jpg | https://bynder.onerichs.com/m/6b11a2cb2d16e6dd/webimage-18602_Product-Beauty_Plated.jpg | https://bynder.onerichs.com/m/574870da46229eef/webimage-00049800186026_C1RA.jpg | https://bynder.onerichs.com/m/457b0144eab37c46/webimage-00049800186026_C1RB.jpg
17185,https://bynder.onerichs.com/m/3a6ed563f944a3fe/webimage-17185_Frozen_Silhouette.jpg,https://bynder.onerichs.com/m/209b9bc6b198165f/webimage-17185_Baked_Styled.jpg | https://bynder.onerichs.com/m/6aa7fcf6d07b9caf/webimage-17185_Thawed_Styled.jpg | https://bynder.onerichs.com/m/78e059d863cb714a/webimage-17185_Product-Beauty_Styled.jpg | https://bynder.onerichs.com/m/6b54a003186a7539/webimage-17185_Hands-in-Action_Thawed.jpg | https://bynder.onerichs.com/m/3677db6a1dc7d8c4/webimage-17185_Product-Beauty_Plated.jpg | https://bynder.onerichs.com/m/734229cad4833878/webimage-17185_Product_Feature.jpg | https://bynder.onerichs.com/m/3fbeee39947adc31/webimage-00049800171855_C1RA.jpg | https://bynder.onerichs.com/m/1f5d3c802eeb4f3e/webimage-00049800171855_C1RB.jpg
20371,https://bynder.onerichs.com/m/2682cfd1e465d49b/webimage-0049800203716_C3CC.jpg,https://bynder.onerichs.com/m/676c788376368d0b/webimage-20371_Thawed_Styled.jpg | https://bynder.onerichs.com/m/1e8d919de32c752e/webimage-18954_Product-Beauty_Styled-3.jpg | https://bynder.onerichs.com/m/525d4eeb97c7f50a/webimage-11819_Product-Beauty_Plated.jpg | https://bynder.onerichs.com/m/3e22da243a76d3fa/webimage-20371_Product_Feature.jpg | https://bynder.onerichs.com/m/5460cb37c1c7951b/webimage-0049800203716_C1RA.jpg | https://bynder.onerichs.com/m/284834b3ee6bf725/webimage-0049800203716_C1RB.jpg
15125,https://bynder.onerichs.com/m/207c68541dd3619c/webimage-00049800151253_C3RC.jpg,https://bynder.onerichs.com/m/2c2afb11d2a96ec6/webimage-Capture0088-88.jpg | https://bynder.onerichs.com/m/207c68541dd3619c/webimage-00049800151253_C3RC.jpg | https://bynder.onerichs.com/m/3745242d09ad8c73/webimage-00049800151253_C1RA.jpg | https://bynder.onerichs.com/m/453f8e3497c2854b/webimage-00049800151253_C1RB.jpg
84902,https://bynder.onerichs.com/m/3741e1a6e279e2f6/webimage-00049800849020_C3CC.jpg,https://bynder.onerichs.com/m/48e305d14c25681a/webimage-00049800849020_A1NG___4.jpg | https://bynder.onerichs.com/m/4bb2ccaba87eac45/webimage-00049800849020_A1CC.jpg | https://bynder.onerichs.com/m/403fc97a902f1fd5/webimage-00049800849020_A1LA.jpg | https://bynder.onerichs.com/m/7228e3787dbb64aa/webimage-00049800849020_A1NG___3.jpg
18770,https://bynder.onerichs.com/m/1d01da86f1bbbccb/webimage-10788022005742_A1CC.jpg,https://bynder.onerichs.com/m/23bb496edb40b153/webimage-10788022005742_A1LF___1.jpg | https://bynder.onerichs.com/m/1d01da86f1bbbccb/webimage-10788022005742_A1CC.jpg | https://bynder.onerichs.com/m/4b265dfdda9cd0b3/webimage-10788022005742_A1LA.jpg | https://bynder.onerichs.com/m/2487465dbe77ecc5/webimage-10788022005742_A1NG___3.jpg
14007,https://bynder.onerichs.com/m/1043dc390bfead80/webimage-00076598140077_C3CC.jpg,https://bynder.onerichs.com/m/105372cfa2de2144/webimage-14007_Baked_Styled-3.jpg | https://bynder.onerichs.com/m/3b36f33399d6abeb/webimage-14007_Thawed_Styled.jpg | https://bynder.onerichs.com/m/7c5958702d4616f0/webimage-14007_Product-Beauty_Styled.jpg | https://bynder.onerichs.com/m/6774481e329d8d49/webimage-14007_Product-Beauty_Plated.jpg
84865,https://bynder.onerichs.com/m/6ac5ddcb826aaa75/webimage-00049800848658_C3CC.jpg,https://bynder.onerichs.com/m/316f68cfc0eba16e/webimage-00049800848658_A1NG___4.jpg | https://bynder.onerichs.com/m/60aca911913bc749/webimage-00049800848658_A1CC.jpg | https://bynder.onerichs.com/m/28247880f2566040/webimage-00049800848658_A1LA.jpg | https://bynder.onerichs.com/m/25d57eb0fcb777d/webimage-00049800848658_A1NG___3.jpg
23967,https://bynder.onerichs.com/m/53d512fb99107c5e/webimage-23967_Thawed_Silhouette.jpg,https://bynder.onerichs.com/m/531b0267518e17cc/webimage-23967_Thawed_Styled.jpg | https://bynder.onerichs.com/m/2c0b40f54a6b84ac/webimage-23967_Product-Beauty_Styled.jpg | https://bynder.onerichs.com/m/1513e843f24767f7/webimage-23967_Product-Beauty_Plated.jpg | https://bynder.onerichs.com/m/34251419e4cc2a77/webimage-23967_Product_Feature.jpg | https://bynder.onerichs.com/m/467776d01444009a/webimage-23967_Case_Sealed_Silhouette.jpg | https://bynder.onerichs.com/m/124cb8029bfd0f66/webimage-23967_Family_General-2.jpg | https://bynder.onerichs.com/m/7a74715ab9515386/webimage-23967_Case_Opened_Silhouette.jpg
21961,https://bynder.onerichs.com/m/47d3f9d8e24c31ee/webimage-00049800219618_A1CG___4.jpg,https://bynder.onerichs.com/m/47d3f9d8e24c31ee/webimage-00049800219618_A1CG___4.jpg | https://bynder.onerichs.com/m/6ec5462df8c88f44/webimage-00049800219618_A1CC.jpg | https://bynder.onerichs.com/m/584b9ceb46ae7b72/webimage-00049800219618_A1LA-2.jpg | https://bynder.onerichs.com/m/6dc2458d0f31badd/webimage-00049800219618_A1NG___3.jpg
07366,https://bynder.onerichs.com/m/20b0d23c2d58cbeb/webimage-07366_Frozen_Silhouette.jpg,https://bynder.onerichs.com/m/3e023c024ad834f9/webimage-00049800073661_C1CD.jpg | https://bynder.onerichs.com/m/18ec714e32f80c0d/webimage-07366_Frozen_Styled.jpg | https://bynder.onerichs.com/m/1543737e57edab8e/webimage-07366_Product-Beauty_Styled.jpg | https://bynder.onerichs.com/m/3a074ecb79cb685f/webimage-07366_Hands-in-Action_Thawed-2.jpg | https://bynder.onerichs.com/m/689492664e00f540/webimage-07366_Product-Beauty_Plated.jpg | https://bynder.onerichs.com/m/7bcf5fd2d8b3d180/webimage-07366_Product_Feature.jpg | https://bynder.onerichs.com/m/4d2fcd50dcf31b2/webimage-00049800073661_C1LA.jpg
20986,https://bynder.onerichs.com/m/5d1a20e2dc6ded9b/webimage-20986_Thawed_Silhouette.jpg,https://bynder.onerichs.com/m/173acaca55b3b3c/webimage-20986_Inner-Pack_Styled.jpg | https://bynder.onerichs.com/m/7e7dc535e8a3467f/webimage-00850017875043_A1CG___4.jpg | https://bynder.onerichs.com/m/6c1f61f270d5ba74/webimage-20986_Thawed_Styled.jpg | https://bynder.onerichs.com/m/5796bb9047d0c8e8/webimage-20986_Product-Beauty_Styled.jpg | https://bynder.onerichs.com/m/6c1009a2abd96bef/webimage-20986_Hands-in-Action_Finished.jpg | https://bynder.onerichs.com/m/af67c16adc9ff6d/webimage-20986_Product-Beauty_Plated.jpg | https://bynder.onerichs.com/m/3d307f417a78f99a/webimage-20986_Product_Feature.jpg | https://bynder.onerichs.com/m/77d2079f76e608/webimage-00850017875043_A1LA.jpg | https://bynder.onerichs.com/m/5f4baadab5a21d1/webimage-20982_Family_General-3.jpg | https://bynder.onerichs.com/m/58389d4a3c9fbb4d/webimage-00850017875043_A1LM.jpg
18151,https://bynder.onerichs.com/m/7f2262c596fbbed5/webimage-00049800181519_A1LF___1.jpg,https://bynder.onerichs.com/m/7f2262c596fbbed5/webimage-00049800181519_A1LF___1.jpg | https://bynder.onerichs.com/m/22d2322e2247a9f/webimage-00049800181519_A1CC.jpg | https://bynder.onerichs.com/m/51749e092cf36715/webimage-18151_Product-Beauty_Silhouette-5.jpg | https://bynder.onerichs.com/m/76488186fcf1fbd3/webimage-18151_Hands-in-Action_Thawed.jpg | https://bynder.onerichs.com/m/6a71afef45f687d9/webimage-00049800181519_A1LA.jpg | https://bynder.onerichs.com/m/4226f038ab87dda5/webimage-00049800181519_A1NG___3.jpg
35078,https://bynder.onerichs.com/m/9c0e176ae302d06/webimage-35078_Frozen_Silhouette.jpg,https://bynder.onerichs.com/m/204d79bfd05bfcf9/webimage-00049800350786_A1NG___4.jpg | https://bynder.onerichs.com/m/37663399dd54b770/webimage-35078_Thawed_Styled.jpg | https://bynder.onerichs.com/m/2c059944060db645/webimage-35078_Product-Beauty_Styled.jpg | https://bynder.onerichs.com/m/7fca8f1bd247802e/webimage-35078_Product-Beauty_Plated.jpg | https://bynder.onerichs.com/m/5a0fcddcb6f0f13b/webimage-00049800350786_A1LA.jpg | https://bynder.onerichs.com/m/45f9888247b715a1/webimage-00049800350786_A1NG___3.jpg
19422,https://bynder.onerichs.com/m/3c7d83bf54a18f/webimage-00049800194229_C1RC.jpg,https://bynder.onerichs.com/m/1ce5d937710a23f2/webimage-19422_Frozen_Styled.jpg | https://bynder.onerichs.com/m/6465ae3e1e3bc2ad/webimage-19422_Product-Beauty_Styled.jpg | https://bynder.onerichs.com/m/62178ea9105036c6/webimage-19422_Hands-in-Action_Thawed.jpg | https://bynder.onerichs.com/m/4ee3cfdc9cc61a00/webimage-19422_Product-Beauty_Plated.jpg | https://bynder.onerichs.com/m/621f137f66e3f2dd/webimage-19422_Product-Feature_Silhouette.jpg | https://bynder.onerichs.com/m/ba4b5a6dd82fb91/webimage-00049800194229_C1LA.jpg
23993,https://bynder.onerichs.com/m/531dae805401d84b/webimage-23993_Frozen_Silhouette.jpg,https://bynder.onerichs.com/m/1017c98c1e132759/webimage-23993_Baked_Styled-2.jpg | https://bynder.onerichs.com/m/63f97a5417acc9e7/webimage-23993_Frozen_Styled.jpg | https://bynder.onerichs.com/m/1ab8da61c1bc0181/webimage-23993_Product-Beauty_Styled-2.jpg | https://bynder.onerichs.com/m/668f78e9523571e9/webimage-23993_Product-Beauty_Plated-6.jpg | https://bynder.onerichs.com/m/73cb15dcfc07086e/webimage-23993_Product_Feature.jpg | https://bynder.onerichs.com/m/77ec952ddf82b188/webimage-23993_Case_Sealed_Silhouette.jpg | https://bynder.onerichs.com/m/61444acbe6f63cd7/webimage-23993_Case_Opened_Silhouette.jpg
15472,https://bynder.onerichs.com/m/5af85142420b13a7/webimage-15472_Frozen_Silhouette.jpg,https://bynder.onerichs.com/m/62a72c8d57ad1e15/webimage-15472_Baked_Styled.jpg | https://bynder.onerichs.com/m/2ea023e0e81d4b6f/webimage-15472_Frozen_Styled.jpg | https://bynder.onerichs.com/m/2de0759260657659/webimage-15472_Product-Beauty_Styled.jpg | https://bynder.onerichs.com/m/5cfa9023c7b0dd9a/webimage-15472_Product-Beauty_Plated-3.jpg | https://bynder.onerichs.com/m/3216308011cb3fdd/webimage-15472_Product_Feature.jpg | https://bynder.onerichs.com/m/619b67928e1a76ff/webimage-00049800154728_C1LA.jpg | https://bynder.onerichs.com/m/40af63c9722fe2ad/webimage-00049800154728_C1LB.jpg
84970,https://bynder.onerichs.com/m/65cf14d395cef04/webimage-00049800849709_C3CC.jpg,https://bynder.onerichs.com/m/2710ce687c79ea4b/webimage-00049800849709_A1NG___4.jpg | https://bynder.onerichs.com/m/79761887f90986d1/webimage-00049800849709_A1CC.jpg | https://bynder.onerichs.com/m/4a67e39da63bd2b9/webimage-00049800849709_A1LA.jpg | https://bynder.onerichs.com/m/8b79857610cf533/webimage-06138_Family_General.jpg | https://bynder.onerichs.com/m/325b55e3bfff3143/webimage-00049800849709_A1NG___3.jpg
35300,https://bynder.onerichs.com/m/61f2268d2b656b15/webimage-00049800353008_A1CC.jpg,https://bynder.onerichs.com/m/50c5b5c27c043eb/webimage-00049800353008_A1NG___4.jpg | https://bynder.onerichs.com/m/61f2268d2b656b15/webimage-00049800353008_A1CC.jpg | https://bynder.onerichs.com/m/502fc7f415d737c6/webimage-35300-1-Cinn-Brdstk.jpg | https://bynder.onerichs.com/m/4bdc22b3c8b707f4/webimage-00049800353008_A1LA.jpg | https://bynder.onerichs.com/m/8b79857610cf533/webimage-06138_Family_General.jpg
03198,https://bynder.onerichs.com/m/22ab9f7bbf8f3d6d/webimage-00049800031982_A1CC.jpg,https://bynder.onerichs.com/m/5d1d139348681161/webimage-00049800031982_A1NG___4.jpg | https://bynder.onerichs.com/m/22ab9f7bbf8f3d6d/webimage-00049800031982_A1CC.jpg | https://bynder.onerichs.com/m/6de2240719ecb252/webimage-00049800031982_A1LA.jpg | https://bynder.onerichs.com/m/36211e7ce507eb77/webimage-00049800031982_A1NG___3.jpg
11108,https://bynder.onerichs.com/m/219525fe0b5cbb9a/webimage-00049800111080_C3CC.jpg,https://bynder.onerichs.com/m/22a8cecedc656b94/webimage-00049800111080_C1CD.jpg | https://bynder.onerichs.com/m/219525fe0b5cbb9a/webimage-00049800111080_C3CC.jpg | https://bynder.onerichs.com/m/435d809549126a01/webimage-11108_Product-Beauty_Styled.jpg | https://bynder.onerichs.com/m/73670cbcb6d79234/webimage-11108_Product-Beauty_Plated.jpg | https://bynder.onerichs.com/m/4228556bb8676e62/webimage-00049800111080_C1RA.jpg | https://bynder.onerichs.com/m/15c3ec50bb2a483b/webimage-00049800111080_C1RB.jpg
13162,https://bynder.onerichs.com/m/5521b424df7a92ce/webimage-13162_Thawed_Silhouette-single.jpg,https://bynder.onerichs.com/m/71ae370028f85545/webimage-13162_Inner-Pack_Styled.jpg | https://bynder.onerichs.com/m/4feb40ddfad3a4af/webimage-13162_Thawed_Styled-2-group.jpg | https://bynder.onerichs.com/m/d3bdaef18a96b0c/webimage-13162_Product-Beauty_Styled-2-sandwich.jpg | https://bynder.onerichs.com/m/461488da8f32382b/webimage-13162_Hands-in-Action_Thawed.jpg | https://bynder.onerichs.com/m/47442d0ec5a8ed75/webimage-13162_Product-Beauty_Styled-3.jpg | https://bynder.onerichs.com/m/f125b4c879ed1a5/webimage-13162_Product_Feature.jpg | https://bynder.onerichs.com/m/3f16101d79578e44/webimage-00049800131620_A1LA.jpg | https://bynder.onerichs.com/m/1cbdc9e9e272665a/webimage-13162_Family_General.jpg | https://bynder.onerichs.com/m/3096d45d9463cbb1/webimage-00049800131620_B1LM.jpg | https://bynder.onerichs.com/m/5a4e997c71b1a3a0/webimage-13162_People-in-Action_Finished.jpg
15702,https://bynder.onerichs.com/m/90883014492c4d8/webimage-00049800157026_C3CC.jpg,https://bynder.onerichs.com/m/23aff221969e0b50/webimage-00049800157026_A1NG___4.jpg | https://bynder.onerichs.com/m/1219c38cb224e946/webimage-00049800157026_A1CC.jpg | https://bynder.onerichs.com/m/34e5c3458fe2c034/webimage-00049800157026_A1LA.jpg | https://bynder.onerichs.com/m/7e3c25daf0ab30/webimage-00049800157026_A1NG___3.jpg
04647,https://bynder.onerichs.com/m/8ca48c4ea08b60e/webimage-00049800046474_C3CC.jpg,https://bynder.onerichs.com/m/8ca48c4ea08b60e/webimage-00049800046474_C3CC.jpg | https://bynder.onerichs.com/m/5f63bbcb1f7cb11d/webimage-00049800046474_C1RA.jpg
07367,https://bynder.onerichs.com/m/676111ef55597fa5/webimage-07367_Frozen_Silhouette.jpg,https://bynder.onerichs.com/m/30f03ba81d323fcb/webimage-07367_Thawed_Styled.jpg | https://bynder.onerichs.com/m/60ccc18d4c50867d/webimage-07367_Product-Beauty_Styled.jpg | https://bynder.onerichs.com/m/aa489a3291f3226/webimage-07367_Hands-in-Action_Thawed.jpg | https://bynder.onerichs.com/m/240a2392527fd4b8/webimage-07367_Product-Beauty_Plated.jpg | https://bynder.onerichs.com/m/53563c4eafe170f8/webimage-07367_Product-Feature.jpg | https://bynder.onerichs.com/m/5db7295b0174865a/webimage-00049800073678_C1LA.jpg
22179,https://bynder.onerichs.com/m/96d7c4fa88357ef/webimage-22179_Frozen_Silhouette-2.jpg,https://bynder.onerichs.com/m/3dbeac0eae76af10/webimage-22179_Baked_Styled.jpg | https://bynder.onerichs.com/m/502371ce24bfd17/webimage-22179_Thawed_Styled.jpg | https://bynder.onerichs.com/m/72d7f33470bbda7a/webimage-22179_Product-Beauty_Plated.jpg | https://bynder.onerichs.com/m/7f28443cf2a98f9e/webimage-00049800221796_A1LA.jpg | https://bynder.onerichs.com/m/33fdb1a31ffb32fd/webimage-00049800221796_A1CB.jpg
18954,https://bynder.onerichs.com/m/5d2761c5d6388d14/webimage-00049800189546_C3CD.jpg,https://bynder.onerichs.com/m/5d2761c5d6388d14/webimage-00049800189546_C3CD.jpg | https://bynder.onerichs.com/m/2a622c58e581da20/webimage-18954_Thawed_Styled.jpg | https://bynder.onerichs.com/m/2bb330850638a4e5/webimage-00049800189546_C1RA.jpg | https://bynder.onerichs.com/m/74039fc7d2fd7675/webimage-00049800189546_C1RB.jpg
17186,https://bynder.onerichs.com/m/1efd5ce5824a508b/webimage-17186_Frozen_Silhouette.jpg,https://bynder.onerichs.com/m/7af433a428517322/webimage-17186_Thawed_Styled.jpg | https://bynder.onerichs.com/m/2cce923a15cb71d2/webimage-17186_Product-Beauty_Styled.jpg | https://bynder.onerichs.com/m/720987a409bcae6/webimage-17186_Hands-in-Action_Thawed.jpg | https://bynder.onerichs.com/m/7166a1fa38a07c81/webimage-17186_Product-Beauty_Plated.jpg | https://bynder.onerichs.com/m/5c4f390b03cdb59b/webimage-17186_Product_Feature_Silhouette.jpg | https://bynder.onerichs.com/m/7e1f5cd6eea50268/webimage-00049800171862_C1RA.jpg | https://bynder.onerichs.com/m/7a1f5b74dd5d7c02/webimage-00049800171862_C1RB.jpg
23966,https://bynder.onerichs.com/m/5304f1928695496e/webimage-23966_Frozen_Silhouette.jpg,https://bynder.onerichs.com/m/2e5f78ea19f953e0/webimage-23966_Frozen_Styled.jpg | https://bynder.onerichs.com/m/cf3e29470bc2d71/webimage-23966_Product-Beauty_Styled-3.jpg | https://bynder.onerichs.com/m/4179e7812f474999/webimage-23966_Product-Beauty_Plated-6.jpg | https://bynder.onerichs.com/m/11fb2937d8288b29/webimage-23966_Product_Feature.jpg | https://bynder.onerichs.com/m/7077a51fced045ef/webimage-23966_Case_Sealed_Silhouette.jpg | https://bynder.onerichs.com/m/611fabde2894b51f/webimage-23966_Family_General.jpg | https://bynder.onerichs.com/m/57b4bbb36273d428/webimage-23966_Case_Opened_Silhouette.jpg
34630,https://bynder.onerichs.com/m/542092cd7c66c39/webimage-34630_Proofed-Silhouette-2.jpg,https://bynder.onerichs.com/m/350e078fe98627dd/webimage-34630_Baked_Silhouette.jpg | https://bynder.onerichs.com/m/1012607ff26c3923/webimage-34630_Proofed_Styled.jpg | https://bynder.onerichs.com/m/330313d947844e13/webimage-34630_Product-Beauty_Styled.jpg | https://bynder.onerichs.com/m/274ff4d5bfd1c7e2/webimage-34630_Hands-in-Action_Thawed.jpg | https://bynder.onerichs.com/m/585f465ee0571ef7/webimage-34630_Product-Beauty_Plated.jpg | https://bynder.onerichs.com/m/44a3c53bc5451f10/webimage-34630_Product_Feature.jpg | https://bynder.onerichs.com/m/14da89ddf76c0edc/webimage-00049800346307_A1LA.jpg | https://bynder.onerichs.com/m/55b78bd99a391c5c/webimage-00049800346307_A1LM.jpg
19449,https://bynder.onerichs.com/m/6d81576b38f83f22/webimage-00049800194496_A1CC.jpg,https://bynder.onerichs.com/m/6d81576b38f83f22/webimage-00049800194496_A1CC.jpg | https://bynder.onerichs.com/m/109f3dc5bf356c7e/webimage-00049800194496_A1LA.jpg | https://bynder.onerichs.com/m/5f5353cac5ef302f/webimage-00049800194496_A1NG___3.jpg
15473,https://bynder.onerichs.com/m/6f86c95f251d9866/webimage-15473_Frozen_Silhouette.jpg,https://bynder.onerichs.com/m/69bd81203d0c95c1/webimage-15473_Product-Beauty_Silhouette.jpg | https://bynder.onerichs.com/m/77a81274d57faa57/webimage-15473_Frozen_Styled.jpg | https://bynder.onerichs.com/m/1c6c2c857c69a844/webimage-15473_Product-Beauty_Styled.jpg | https://bynder.onerichs.com/m/533464b21f59233d/webimage-15473_Product-Beauty_Plated-3.jpg | https://bynder.onerichs.com/m/391895e5410da37a/webimage-15473_Product_Feature.jpg | https://bynder.onerichs.com/m/29b6fbbb260ba122/webimage-00049800154735_C1RA.jpg | https://bynder.onerichs.com/m/569c02a6ff4ef545/webimage-00049800154735_C1RB.jpg
16416,https://bynder.onerichs.com/m/20382eb969d0e2ef/webimage-00049800164161_A1CC.jpg,https://bynder.onerichs.com/m/254ff401d34ed443/webimage-00049800164161_A1NG___4.jpg | https://bynder.onerichs.com/m/20382eb969d0e2ef/webimage-00049800164161_A1CC.jpg | https://bynder.onerichs.com/m/5b2576cbb7f83594/webimage-00049800164161_A1LA.jpg | https://bynder.onerichs.com/m/2a5e630a8ff901e9/webimage-00049800164161_A1NG___3.jpg
21960,https://bynder.onerichs.com/m/481ddf4fa7f36150/webimage-00049800219601_A1CC.jpg,https://bynder.onerichs.com/m/481ddf4fa7f36150/webimage-00049800219601_A1CC.jpg | https://bynder.onerichs.com/m/62c5a7b556bdd1f1/webimage-00049800219601_A1CG___4.jpg | https://bynder.onerichs.com/m/53fc907c96e3ba/webimage-00049800219601_A1LA-3.jpg | https://bynder.onerichs.com/m/730c1ed6a14690a3/webimage-00049800181595_A1NG___3.jpg
03156,https://bynder.onerichs.com/m/529257729911a13c/webimage-00049800031562_C3CC.jpg,https://bynder.onerichs.com/m/529257729911a13c/webimage-00049800031562_C3CC.jpg | https://bynder.onerichs.com/m/19df4185274a84f9/webimage-03156_Product-Beauty_Silhouette.jpg | https://bynder.onerichs.com/m/5043c806740d9166/webimage-03156_Product-Beauty_Plated.jpg | https://bynder.onerichs.com/m/15af3d3311791db0/webimage-00049800031562_C1RA.jpg
15604,https://bynder.onerichs.com/m/5f6e47f94170ada0/webimage-00049800156043_C3CC.jpg,https://bynder.onerichs.com/m/5f6e47f94170ada0/webimage-00049800156043_C3CC.jpg | https://bynder.onerichs.com/m/69ecc36ff36e312c/webimage-00049800156043_C1RA.jpg | https://bynder.onerichs.com/m/4c8e8c5cad6660cf/webimage-00049800156043_C1RB.jpg
22042,https://bynder.onerichs.com/m/7182062a44c081b4/webimage-22042_Frozen_Silhouette.jpg,https://bynder.onerichs.com/m/21f7060570ddebfc/webimage-22042_Baked_Styled.jpg | https://bynder.onerichs.com/m/141a526a5c6a72e3/webimage-22042_Thawed_Styled.jpg | https://bynder.onerichs.com/m/2cc7b9972eadcf2e/webimage-22042_Product-Beauty_Styled.jpg | https://bynder.onerichs.com/m/3f08defb06fa5a4/webimage-22042_Hands-in-Action_Finished.jpg | https://bynder.onerichs.com/m/38360e8fe357dab/webimage-22042_Product-Beauty_Plated.jpg
23965,https://bynder.onerichs.com/m/cfb77b0a65335c3/webimage-23965_Frozen_Silhouette.jpg,https://bynder.onerichs.com/m/67ac9bfbab9ae6f6/webimage-23965_Baked_Styled.jpg | https://bynder.onerichs.com/m/79cf5482581e1ce2/webimage-23965_Frozen_Styled.jpg | https://bynder.onerichs.com/m/545c5391d64c1e94/webimage-23965_Product-Beauty_Styled.jpg | https://bynder.onerichs.com/m/234f4fde38c4d922/webimage-23965_Hands-in-Action_Finished-4.jpg | https://bynder.onerichs.com/m/4bd6399d70aecbe7/webimage-23965_Product-Beauty_Plated.jpg | https://bynder.onerichs.com/m/11ba08d95a764a5b/webimage-23965_Product_Feature.jpg | https://bynder.onerichs.com/m/39d22d26942fe043/webimage-23965_Case_Sealed_Silhouette.jpg | https://bynder.onerichs.com/m/14b0caa4afec8278/webimage-23967_Family_General.jpg | https://bynder.onerichs.com/m/a29f8b6ac0b4f19/webimage-23965_Case_Opened_Silhouette.jpg
21957,https://bynder.onerichs.com/m/7e297731985fb3c/webimage-00049800219571_A1CG___4.jpg,https://bynder.onerichs.com/m/7e297731985fb3c/webimage-00049800219571_A1CG___4.jpg | https://bynder.onerichs.com/m/343f45fe2d859008/webimage-00049800219571_A1CC.jpg | https://bynder.onerichs.com/m/72ef16b9a6c6061b/webimage-00049800219571_A1LA-2.jpg | https://bynder.onerichs.com/m/42591fad06b2dcc1/webimage-00049800219571_A1CB.jpg
03604,https://bynder.onerichs.com/m/63b6890d4f2ec1cf/webimage-03604_Frozen_Silhouette.jpg,https://bynder.onerichs.com/m/48913086e30a3ccd/webimage-03604_Baked_Styled.jpg | https://bynder.onerichs.com/m/5934748dbc4aab86/webimage-03604_Thawed_Styled.jpg | https://bynder.onerichs.com/m/2ef8504129fa3a36/webimage-03604_Product-Beauty_Styled.jpg | https://bynder.onerichs.com/m/14d1aacc5475e002/webimage-03604_Hands-in-Action_Thawed.jpg | https://bynder.onerichs.com/m/79779363e1f2fbf5/webimage-03604_Product-Beauty_Plated.jpg | https://bynder.onerichs.com/m/280cb00fbff73ce9/webimage-03604_Product_Feature.jpg | https://bynder.onerichs.com/m/5ebb9dcc901ec09f/webimage-00049800036048_A1LA.jpg | https://bynder.onerichs.com/m/57691bd7a627cab1/webimage-03064_Family_General.jpg | https://bynder.onerichs.com/m/509c1b2a55771807/webimage-00049800036048_A1NG___3.jpg | https://bynder.onerichs.com/m/f81d4be13d272d3/webimage-03604_People-in-Action_Finished.jpg
20595,https://bynder.onerichs.com/m/1c16ea0cadd99e43/webimage-20595_Frozen_Silhouette-2.jpg,https://bynder.onerichs.com/m/5895f51d82080ee1/webimage-20595_Baked_Styled.jpg | https://bynder.onerichs.com/m/7296b9d5d4de699d/webimage-20595_Frozen_Styled.jpg | https://bynder.onerichs.com/m/52cd696e42200893/webimage-20595_Product-Beauty_Plated.jpg | https://bynder.onerichs.com/m/58113b8b3ac8cb51/webimage-00049800205956_A1LA.jpg | https://bynder.onerichs.com/m/447f30fb1bcae8eb/webimage-00049800205956_A1CB.jpg
35086,https://bynder.onerichs.com/m/379afbfbeae8eb32/webimage-35086_Proofed_Silhouette.jpg,https://bynder.onerichs.com/m/97ac6bb92020bd0/webimage-35086_Baked_Styled.jpg | https://bynder.onerichs.com/m/6ca9b233557241b1/webimage-35086_Proofed_Styled.jpg | https://bynder.onerichs.com/m/ef38ba1d8e81d89/webimage-35086_Product-Beauty_Styled.jpg | https://bynder.onerichs.com/m/560012cea7d36f63/webimage-35086_Hands-in-Action_Thawed.jpg | https://bynder.onerichs.com/m/44577f837a7789f8/webimage-35086_Product-Beauty_Plated.jpg | https://bynder.onerichs.com/m/4375906fbf9f4b23/webimage-35086_Product_Feature.jpg | https://bynder.onerichs.com/m/7a11829c8f0694cb/webimage-00049800350861_A1LA.jpg | https://bynder.onerichs.com/m/7aee4a0f097838a4/webimage-35086_People-in-Action_Finished.jpg
19465,https://bynder.onerichs.com/m/5f5b73eb47db9b4b/webimage-00049800194656_C1CC.jpg,https://bynder.onerichs.com/m/57da38755473cca3/webimage-19465_Frozen_Styled.jpg | https://bynder.onerichs.com/m/608dfc0cf0831730/webimage-19465_Product-Beauty_Styled.jpg | https://bynder.onerichs.com/m/58c09acad10ac509/webimage-19465_Hands-in-Action_Thawed.jpg | https://bynder.onerichs.com/m/2233815f138f3b76/webimage-19465_Product-Beauty_Plated.jpg | https://bynder.onerichs.com/m/7cb5d7063a51f472/webimage-19465_Product_Feature.jpg | https://bynder.onerichs.com/m/3b48d9170bdff8a1/webimage-00049800194656_C1LA.jpg
15474,https://bynder.onerichs.com/m/1cf5a37630686e8f/webimage-00049800154742_C3CC.jpg,https://bynder.onerichs.com/m/3349335998484513/webimage-15474_Baked_Styled.jpg | https://bynder.onerichs.com/m/7b62752f5fca5969/webimage-15474_Frozen_Styled.jpg | https://bynder.onerichs.com/m/51b7c4855478c947/webimage-15474_Product-Beauty_Styled.jpg | https://bynder.onerichs.com/m/39717fc357410597/webimage-15474_Product-Beauty_Plated.jpg | https://bynder.onerichs.com/m/3c2d8a4052b70876/webimage-15474_Product_Feature.jpg | https://bynder.onerichs.com/m/6393681267227bbb/webimage-00049800154742_C1RA.jpg
03509,https://bynder.onerichs.com/m/6dc945dcb7a2d304/webimage-00049800035096_C3CC.jpg,https://bynder.onerichs.com/m/23440f444982892b/webimage-00049800035096_A1LF___1.jpg | https://bynder.onerichs.com/m/6dc945dcb7a2d304/webimage-00049800035096_C3CC.jpg | https://bynder.onerichs.com/m/6b3285ecfa7d49bc/webimage-03509_Product-Beauty_Silhouette.jpg | https://bynder.onerichs.com/m/4a44c9f332166498/webimage-03509_Hands-in-Action_Thawed.jpg | https://bynder.onerichs.com/m/2885b02e38cf9e42/webimage-00049800035096_A1LA.jpg | https://bynder.onerichs.com/m/2284eb715d6b156b/webimage-00049800035096_A1NG___3.jpg
03507,https://bynder.onerichs.com/m/6616bc901b70ec9c/webimage-03507_Frozen_Silhouette.jpg,https://bynder.onerichs.com/m/27a26ea2d8aae69a/webimage-03507_Frozen_Styled.jpg | https://bynder.onerichs.com/m/2b6da28496830dc9/webimage-03507_Product-Beauty_Styled.jpg | https://bynder.onerichs.com/m/7075386c4fd32b7/webimage-03507_Hands-in-Action_Thawed.jpg | https://bynder.onerichs.com/m/3fb70cd02d5c2cc1/webimage-03507_Product-Beauty_Plated.jpg | https://bynder.onerichs.com/m/6071be83a8ea534f/webimage-03507_Product_Feature.jpg | https://bynder.onerichs.com/m/39d92257d8f7a93c/webimage-00049800035072_C.jpg
09718,https://bynder.onerichs.com/m/3aa21aec898144c1/webimage-00049800097186_C1CC.jpg,https://bynder.onerichs.com/m/aed19a8513fd39d/webimage-09718_Frozen_Styled.jpg | https://bynder.onerichs.com/m/1e93720625df4e/webimage-09718_Product-Beauty_Styled.jpg | https://bynder.onerichs.com/m/1408696786eb49f2/webimage-09718_Hands-in-Action_Thawed.jpg | https://bynder.onerichs.com/m/1449ab3057b61a65/webimage-09718_Product-Beauty_Plated.jpg | https://bynder.onerichs.com/m/2e914f5871a2fe34/webimage-09718_Product_Feature.jpg | https://bynder.onerichs.com/m/c391c211cc61ba6/webimage-00049800097186_C1RA.jpg | https://bynder.onerichs.com/m/2c4d9dabc8b3282/webimage-35086_Family_General.jpg
14006,https://bynder.onerichs.com/m/696296a0d64a8910/webimage-14006_Thawed_Silhouette.jpg,https://bynder.onerichs.com/m/2e699c3ea3607db2/webimage-14006_Baked_Styled.jpg | https://bynder.onerichs.com/m/412ed910066b905a/webimage-14006_Thawed_Styled.jpg | https://bynder.onerichs.com/m/7360c1ed28810f2d/webimage-29_ChickenFajitaPizza_01-6_1x1.jpg | https://bynder.onerichs.com/m/659adfe2f08052ea/webimage-14006_Hands-in-Action_Thawed.jpg | https://bynder.onerichs.com/m/2cf584bd7f92e191/webimage-18_BuffaloChickenCheesePizza_01-5_1x1.jpg | https://bynder.onerichs.com/m/79a0c2c8b5fac8f/webimage-14006_Product_Feature.jpg | https://bynder.onerichs.com/m/654a32514a9b823/webimage-00076598140060_A1LA.jpg | https://bynder.onerichs.com/m/2c4640e64c0909bd/webimage-K12_Family_General-5.jpg | https://bynder.onerichs.com/m/6c6e42e0b5a856e3/webimage-00076598140060_B1LM.jpg | https://bynder.onerichs.com/m/57db152fb18b1bf3/webimage-14006_People-in-Action_Finished.jpg
11269,https://bynder.onerichs.com/m/2e985470e12f0464/webimage-00049800112698_C3CC.jpg,https://bynder.onerichs.com/m/cbc7a1ec067d3f2/webimage-00049800112698_C1RB.jpg | https://bynder.onerichs.com/m/2e985470e12f0464/webimage-00049800112698_C3CC.jpg | https://bynder.onerichs.com/m/14aa64a0bafdef0f/webimage-Mediterranean-Pizza-1.jpg | https://bynder.onerichs.com/m/30b4de2967041a57/webimage-00049800112698_C1LA.jpg
04378,https://bynder.onerichs.com/m/958b3689942051e/webimage-04378_Thawed_Silhouette-2.jpg,https://bynder.onerichs.com/m/6eef637fff9420c0/webimage-04378_Churro_RAW.jpg | https://bynder.onerichs.com/m/4ceca7e5e56c1dac/webimage-04378_Thawed-Styled.jpg | https://bynder.onerichs.com/m/142747e2a0abd4e6/webimage-04378_Product-Beauty_Styled.jpg | https://bynder.onerichs.com/m/7d61de748523ac91/webimage-04378_Hands-in-Action_Thawed.jpg | https://bynder.onerichs.com/m/1721e86f5c7c7115/webimage-04378_Product-Beauty_Plated.jpg | https://bynder.onerichs.com/m/7a4210349d810b2/webimage-04378_Product_Feature.jpg | https://bynder.onerichs.com/m/7c38191abb41b5c/webimage-00049800043787_C1LA.jpg | https://bynder.onerichs.com/m/2af26c385186552b/webimage-00049800043787_C1LB.jpg
05664,https://bynder.onerichs.com/m/40ad1fcb061333c8/webimage-05664_Inner-Pack_Silhouette.jpg,https://bynder.onerichs.com/m/fb054d5dc7bf97d/webimage-05664_Inner-Pack_Styled.jpg | https://bynder.onerichs.com/m/1c389d9530564567/webimage-05664_Baked_Styled.jpg | https://bynder.onerichs.com/m/d00949a4d14882e/webimage-05664_Thawed_Styled.jpg | https://bynder.onerichs.com/m/71c502fe0f162da0/webimage-05664_Product-Beauty_Styled.jpg | https://bynder.onerichs.com/m/7f071586736d47e6/webimage-05664_Hands-in-Action_Thawed.jpg | https://bynder.onerichs.com/m/16ca22113460c0ba/webimage-05664_Product-Beauty_Plated.jpg | https://bynder.onerichs.com/m/6421b386ba1bc91b/webimage-05664_Product_Feature.jpg | https://bynder.onerichs.com/m/72f979ac36ccb885/webimage-00049800056640_C1LA.jpg | https://bynder.onerichs.com/m/1a0d6c5abf0ca808/webimage-05664_Family_General.jpg | https://bynder.onerichs.com/m/35d694557a47a2f9/webimage-00049800056640_C1LB.jpg | https://bynder.onerichs.com/m/6a65066dc7e4213e/webimage-05664_People-in-Action_Finished.jpg
17111,https://bynder.onerichs.com/m/629f086cdd856d40/webimage-17111_Frozen_Silhouette.jpg,https://bynder.onerichs.com/m/66dc288a2fb44272/webimage-00049800171114_A1CG___4.jpg | https://bynder.onerichs.com/m/3c197bd7f2ec6a8c/webimage-17111_Frozen_Styled.jpg | https://bynder.onerichs.com/m/6201048d69c04723/webimage-17111_Product-Beauty_Styled.jpg | https://bynder.onerichs.com/m/4f672fbb014f6081/webimage-17111_Product-Beauty_Plated.jpg | https://bynder.onerichs.com/m/56568a89319a2383/webimage-00049800171114_A1LA.jpg | https://bynder.onerichs.com/m/69c9edd3bdef102d/webimage-00049800171114_A1CB.jpg
21215,https://bynder.onerichs.com/m/2ce26f21fdeecbc1/webimage-21215_Frozen_Silhouette.jpg,https://bynder.onerichs.com/m/2d50d979e397c499/webimage-21215_Inner-Pack_Styled-2.jpg | https://bynder.onerichs.com/m/25edfde895a070ad/webimage-21215_Baked_Styled.jpg | https://bynder.onerichs.com/m/58d8aa39b0c34c17/webimage-21215_Frozen_Styled.jpg | https://bynder.onerichs.com/m/383728c17c7a50cf/webimage-21215_Product-Beauty_Styled.jpg | https://bynder.onerichs.com/m/77daa838003d25e2/webimage-21215_Hands-in-Action_Thawed.jpg | https://bynder.onerichs.com/m/6c368c51c8f879c1/webimage-21215_Product-Beauty_Plated.jpg | https://bynder.onerichs.com/m/27f42aab8b56dcf2/webimage-10049800212159_A1LA.jpg | https://bynder.onerichs.com/m/746aa1c2defde682/webimage-21215_Case_Opened_Silhouette.jpg
21216,https://bynder.onerichs.com/m/74b2154f9e6dfa53/webimage-18636_Thawed_Silhouette.jpg,https://bynder.onerichs.com/m/51b9c130e4ac91b1/webimage-00049800212169_A1LF___1.jpg | https://bynder.onerichs.com/m/382d6cb5d0f9ff1e/webimage-18636_Thawed_Styled.jpg | https://bynder.onerichs.com/m/33db5d21a550bc82/webimage-18636_Product-Beauty_Styled.jpg | https://bynder.onerichs.com/m/54d4a76a7463fa5b/webimage-00049800212169_A1LA.jpg | https://bynder.onerichs.com/m/17df5f38fc445fe2/webimage-00049800212169_A1NG___3.jpg
00828,https://bynder.onerichs.com/m/16575f322bc42e95/webimage-00828_Thawed_Silhouette.jpg,https://bynder.onerichs.com/m/5525072f51a70680/webimage-00828_Inner-Pack_Silhouette.jpg | https://bynder.onerichs.com/m/1263f30b6888246f/webimage-00828_Thawed_Styled.jpg | https://bynder.onerichs.com/m/1e851edc03ea96f5/webimage-00828_Product-Beauty_Styled.jpg | https://bynder.onerichs.com/m/49dd34c12b7910cd/webimage-00828_Hands-in-Action_Thawed.jpg | https://bynder.onerichs.com/m/18cde7d5ccaf2587/webimage-00828_Product-Beauty_Plated.jpg | https://bynder.onerichs.com/m/42e656d601bb55a/webimage-00828_Product_Feature.jpg | https://bynder.onerichs.com/m/6869759bc0de3f9d/webimage-00049800008281_C1RA.jpg | https://bynder.onerichs.com/m/c217ad177d94455/webimage-Capture-One-Catalog0043.jpg
71067,https://bynder.onerichs.com/m/536ae702b477bd43/webimage-00049800710672_C3CC.jpg,https://bynder.onerichs.com/m/27902d6211a4c24c/webimage-00049800710672_C1CD.jpg | https://bynder.onerichs.com/m/536ae702b477bd43/webimage-00049800710672_C3CC.jpg | https://bynder.onerichs.com/m/2490bceaac95d5c7/webimage-71067_Product-Beauty_Silhouette.jpg | https://bynder.onerichs.com/m/3c918a3ab063e6a9/webimage-71067_Product-Beauty_Plated.jpg | https://bynder.onerichs.com/m/7c774047f2d4dab/webimage-00049800710672_C1RA.jpg | https://bynder.onerichs.com/m/4e02006672a94ef0/webimage-00049800710672_C1RB.jpg
24203,https://bynder.onerichs.com/m/2df61883a84e1921/webimage-24203_Thawed_Silhouette.jpg,https://bynder.onerichs.com/m/77bbda85e950fdfc/webimage-24203_Inner-Pack_Styled.jpg | https://bynder.onerichs.com/m/629ace833cbbee05/webimage-24203_Frozen_Styled.jpg | https://bynder.onerichs.com/m/424a42013492accc/webimage-24203_Product-Beauty_Styled-3.jpg | https://bynder.onerichs.com/m/6c53076c484018a9/webimage-24203_Product-Beauty_Plated.jpg | https://bynder.onerichs.com/m/3eed03cc2786ce18/webimage-24203_Case_Sealed_Silhouette.jpg | https://bynder.onerichs.com/m/1bf8dc1c69cf6f6/webimage-24203_Case_Opened_Silhouette.jpg
21577,https://bynder.onerichs.com/m/4e4dc9345081041f/webimage-21577_Thawed_Silhouette.jpg,https://bynder.onerichs.com/m/6938e8bd1b6e3280/webimage-21577_Inner-Pack_Styled-2.jpg | https://bynder.onerichs.com/m/4c87d0d1e18a6d2b/webimage-21577_Frozen_Styled.jpg | https://bynder.onerichs.com/m/1ccd55e9e71569ef/webimage-21577_Product-Beauty_Styled.jpg | https://bynder.onerichs.com/m/201839a078964ba/webimage-21577_Product-Beauty_Plated.jpg | https://bynder.onerichs.com/m/33632a389bcfe58b/webimage-00049800215771_A1LA.jpg | https://bynder.onerichs.com/m/6a10f67c95d13119/webimage-00049800215771_A1LM.jpg
00577,https://bynder.onerichs.com/m/3fdd339d5bae71bc/webimage-00049800005778_C3CC.jpg,https://bynder.onerichs.com/m/3fdd339d5bae71bc/webimage-00049800005778_C3CC.jpg | https://bynder.onerichs.com/m/4b602edf48b2ac99/webimage-02_CheeseburgerPocket_01-4_1x1.jpg | https://bynder.onerichs.com/m/35cdb1eb87e541e6/webimage-00049800005778_C1RA.jpg | https://bynder.onerichs.com/m/6e362b33c7cdaab8/webimage-00577_Case_Opened_Silhouette.jpg
15191,https://bynder.onerichs.com/m/3beaa1432b644b56/webimage-15191_Frozen_Silhouette.jpg,https://bynder.onerichs.com/m/35d65b7a9ae3467/webimage-00049800151918_A1C1.jpg | https://bynder.onerichs.com/m/68dca0b5c64d912f/webimage-15191_Baked_Silhouette.jpg | https://bynder.onerichs.com/m/3beaa1432b644b56/webimage-15191_Frozen_Silhouette.jpg | https://bynder.onerichs.com/m/6c4e0dfaa69c2559/webimage-15191_Product-Beauty_Styled.jpg | https://bynder.onerichs.com/m/4d9b041d11988c6c/webimage-CGP_8072.jpg | https://bynder.onerichs.com/m/61e52ec6f6bcca75/webimage-15191_Product-Beauty_Plated.jpg | https://bynder.onerichs.com/m/3906f50d81c04b18/webimage-00049800151918_A1LA.jpg | https://bynder.onerichs.com/m/c217ad177d94455/webimage-Capture-One-Catalog0043.jpg | https://bynder.onerichs.com/m/4f2f2778a9b77d0f/webimage-00049800151918_B1LM.jpg
22136,https://bynder.onerichs.com/m/5b30d8ac5dc4eb3f/webimage-22136_Thawed_Silhouette.jpg,https://bynder.onerichs.com/m/1a64a4a7297e7c77/webimage-22136_Inner-Pack_Styled.jpg | https://bynder.onerichs.com/m/6c8aa3907f3344d1/webimage-22136_Thawed_Styled.jpg | https://bynder.onerichs.com/m/395543792c4e3887/webimage-22136_Product-Beauty_Styled.jpg | https://bynder.onerichs.com/m/11d0462795680d9/webimage-22136_Product-Beauty_Plated.jpg | https://bynder.onerichs.com/m/20e5b1d406f48ec7/webimage-10049800221366_A1LA.jpg | https://bynder.onerichs.com/m/5cbf4cc95dd4f0c4/webimage-22143_Family_General.jpg | https://bynder.onerichs.com/m/672ddc023a0d370f/webimage-10049800221366_A1LM.jpg
22143,https://bynder.onerichs.com/m/20df00fefa54a1df/webimage-22143_Thawed_Silhouette.jpg,https://bynder.onerichs.com/m/50bc63d4daf8f639/webimage-22143_Inner-Pack_Styled.jpg | https://bynder.onerichs.com/m/43338677c779ed1/webimage-22143_Thawed_Styled.jpg | https://bynder.onerichs.com/m/16c7ab1d6466b7cf/webimage-22143_Product-Beauty_Plated.jpg | https://bynder.onerichs.com/m/33db5d022141593e/webimage-10049800221434_A1LA.jpg | https://bynder.onerichs.com/m/5cbf4cc95dd4f0c4/webimage-22143_Family_General.jpg | https://bynder.onerichs.com/m/49a20206de325b33/webimage-10049800221434_A1LM.jpg
84929,https://bynder.onerichs.com/m/248ba400f92a5b91/webimage-00049800849297_C3CC.jpg,https://bynder.onerichs.com/m/3f6a7c9578e27823/webimage-00049800849297_A1NG___4.jpg | https://bynder.onerichs.com/m/58aa8a663c024e58/webimage-00049800849297_A1CC.jpg | https://bynder.onerichs.com/m/7251ab917a708113/webimage-00049800849297_A1LA.jpg | https://bynder.onerichs.com/m/19dfe90116be6079/webimage-00049800849297_A1NG___3.jpg
22201,https://bynder.onerichs.com/m/78183bbb31fdedfe/webimage-22201_Thawed_Silhouette-2.jpg,https://bynder.onerichs.com/m/15583a0867c20397/webimage-10886105222014_C1CD.jpg | https://bynder.onerichs.com/m/75cf92e0655cce9/webimage-22201_Thawed_Styled.jpg | https://bynder.onerichs.com/m/388f07b413a512c3/webimage-22201_Product-Beauty_Styled-2.jpg | https://bynder.onerichs.com/m/47c22cdf5e071931/webimage-22201_Hands-in-Action_Thawed.jpg | https://bynder.onerichs.com/m/3a3fdfbe5a40714e/webimage-22201_Product-Beauty_Plated.jpg | https://bynder.onerichs.com/m/6c5f3bc341c6faa7/webimage-22201_Product_Feature.jpg | https://bynder.onerichs.com/m/2b111ddd09f1578f/webimage-10886105222014_Ecom_Ecom_MK18U9P2_Edited_en-US.jpg | https://bynder.onerichs.com/m/4b7c703c82f36956/webimage-08930_Family_General.jpg | https://bynder.onerichs.com/m/3b3ded82d0c80e14/webimage-10886105222014_FLO_Front-Left-Open_9KT7HENE_Edited_en-US.jpg
20914,https://bynder.onerichs.com/m/5414803ce1ba49c3/webimage-20914_Thawed_Silhouette.jpg,https://bynder.onerichs.com/m/374019d0c30b386/webimage-00049800209145_A1LF___1.jpg | https://bynder.onerichs.com/m/38c4642c5635495/webimage-20914_Thawed_Styled.jpg | https://bynder.onerichs.com/m/5fac8a4bcd5fd707/webimage-20914_Product-Beauty_Styled.jpg | https://bynder.onerichs.com/m/4c00bba075bb5e3b/webimage-20914_Product-Beauty_Plated.jpg | https://bynder.onerichs.com/m/3443b9ab39053ae3/webimage-00049800209145_A1LA.jpg | https://bynder.onerichs.com/m/5605e6b9a7fa0fd6/webimage-20914_Family_General-4.jpg | https://bynder.onerichs.com/m/3f5b00ceb64d3900/webimage-00049800209145_A1NG___3.jpg
24691,https://bynder.onerichs.com/m/223ea84ec7e6a757/webimage-24691_Thawed_Silhouette-2.jpg,https://bynder.onerichs.com/m/46b9bbf4d7828cd9/webimage-24691_Inner-Pack_Styled.jpg | https://bynder.onerichs.com/m/43fa6b2bae84a8d4/webimage-24691_Frozen_Styled-2.jpg | https://bynder.onerichs.com/m/619aa9750d8452a/webimage-24691_Hands-in-Action_Finished.jpg | https://bynder.onerichs.com/m/3e8bf495b5246c1f/webimage-24691_Product-Beauty_Plated.jpg | https://bynder.onerichs.com/m/ede1bac6623bdea/webimage-24693_Family_General.jpg | https://bynder.onerichs.com/m/5e0cd9a4754dfbe9/webimage-24691_Cake_Opened_Silhouette.jpg
24692,https://bynder.onerichs.com/m/300dba1fb2760def/webimage-24692_Thawed_Silhouette.jpg,https://bynder.onerichs.com/m/174a43f6100cab92/webimage-24692_Inner-Pack_Silhouette.jpg | https://bynder.onerichs.com/m/5f308f6c3da8d584/webimage-24692_Thawed_Styled.jpg | https://bynder.onerichs.com/m/15a28cec857f907b/webimage-24692_Product-Beauty_Styled.jpg | https://bynder.onerichs.com/m/447b5dda03bb543/webimage-24692_Hands-in-Action_Finished.jpg | https://bynder.onerichs.com/m/ede1bac6623bdea/webimage-24693_Family_General.jpg | https://bynder.onerichs.com/m/32d1bb4935a70d53/webimage-24692_Case_Opened_Silhouette.jpg
24693,https://bynder.onerichs.com/m/6c0e9b251fa907af/webimage-24693_Thawed_Silhouette.jpg,https://bynder.onerichs.com/m/4fc025b282e2afa4/webimage-24693_Inner-Pack_Styled.jpg | https://bynder.onerichs.com/m/44d8673198cab37f/webimage-24693_Thawed_Styled.jpg | https://bynder.onerichs.com/m/6ff7bf1a6b34011e/webimage-24693_Hands-in-Action_Finished-2.jpg | https://bynder.onerichs.com/m/25f848d90de22ed5/webimage-24693_Product-Beauty_Plated.jpg | https://bynder.onerichs.com/m/575a8a5204794ffa/webimage-24693_Case_Sealed_Silhouette.jpg | https://bynder.onerichs.com/m/ede1bac6623bdea/webimage-24693_Family_General.jpg | https://bynder.onerichs.com/m/66377a221a2733cd/webimage-24693_Case_Opened_Silhouette.jpg
21610,https://bynder.onerichs.com/m/13f91ca2b81d09c9/webimage-21610_Thawed_Silhouette.jpg,https://bynder.onerichs.com/m/62f06ac2c6e2d80e/webimage-00049800216105_A1CB.jpg | https://bynder.onerichs.com/m/5e975997b7ee56d8/webimage-00049800216105_A1CG___4.jpg | https://bynder.onerichs.com/m/2031f9e368a67c48/webimage-21610_Thawed_Styled.jpg | https://bynder.onerichs.com/m/2596b08e455d373f/webimage-21610_Product-Beauty_Styled.jpg | https://bynder.onerichs.com/m/7ad168f6d181fa83/webimage-21610_Product-Beauty_Plated.jpg | https://bynder.onerichs.com/m/2532a73e49be93e8/webimage-21610_Product_Feature.jpg | https://bynder.onerichs.com/m/6698374634bf4fcc/webimage-00049800216105_A1LA.jpg | https://bynder.onerichs.com/m/464aad318dde3e90/webimage-00049800216105_A1LM.jpg
20855,https://bynder.onerichs.com/m/238f79a794e8e795/webimage-20855_Frozen_Silhouette.jpg,https://bynder.onerichs.com/m/d70dda1cdbc7c76/webimage-20855_Baked_Styled-3.jpg | https://bynder.onerichs.com/m/514fc383dd7648f1/webimage-20855_Frozen_Styled.jpg | https://bynder.onerichs.com/m/2852b0e3b1eb434c/webimage-20855_Product-Beauty_Plated.jpg | https://bynder.onerichs.com/m/64fa226f3c9a39ed/webimage-20855_Product_Feature.jpg | https://bynder.onerichs.com/m/4391657d3ed7fcea/webimage-00049800208551_A1LA.jpg | https://bynder.onerichs.com/m/5f127a6490be7bbf/webimage-00049800208551_A1NG___3.jpg
23833,https://bynder.onerichs.com/m/2014c1b850209e72/webimage-23833_Thawed_Silhouette.jpg,https://bynder.onerichs.com/m/7d71f29aee5c941e/webimage-23833_Inner-Pack_Styled.jpg | https://bynder.onerichs.com/m/1dbec2a5992cd7ab/webimage-23833_Thawed_Styled.jpg | https://bynder.onerichs.com/m/10cb5841071969db/webimage-23833_Product-Beauty_Styled-3.jpg | https://bynder.onerichs.com/m/12cd19bc98f0b6cf/webimage-23833_Hands-in-Action_Finished-2.jpg | https://bynder.onerichs.com/m/24c7830e61e0d216/webimage-23833_Product-Beauty_Plated-4.jpg | https://bynder.onerichs.com/m/3583001f54b41296/webimage-00049800238336_C1LA.jpg | https://bynder.onerichs.com/m/cf990e9c3204b6/webimage-00049800238336_C1LM.jpg
23831,https://bynder.onerichs.com/m/4a81049734c4e82c/webimage-23831_Thawed_Silhouette.jpg,https://bynder.onerichs.com/m/505a5d6fc0fe423/webimage-23831_Inner-Pack_Styled.jpg | https://bynder.onerichs.com/m/5bd231617f4a1274/webimage-23831_Thawed_Styled.jpg | https://bynder.onerichs.com/m/35b9fa67407f4ce9/webimage-23831_GIF.png | https://bynder.onerichs.com/m/229399e6665c75ea/webimage-23831_Product-Beauty_Plated.jpg | https://bynder.onerichs.com/m/3193574be0f6c039/webimage-23831_Family_General.jpg
11713,https://bynder.onerichs.com/m/59f98fff2606b771/webimage-11713_Thawed_Silhouette-2.jpg,https://bynder.onerichs.com/m/5110cb7a895d377d/webimage-11713_Inner-Pack_Styled.jpg | https://bynder.onerichs.com/m/7df0ecdc1369cff0/webimage-11713_Thawed_Styled.jpg | https://bynder.onerichs.com/m/7844358085702041/webimage-11713_Product-Beauty_Styled-4.jpg | https://bynder.onerichs.com/m/1f1397e6835e9aa6/webimage-11713_Product-Beauty_Plated.jpg | https://bynder.onerichs.com/m/7903592b8346c2e1/webimage-10750903117134_C1RA.jpg | https://bynder.onerichs.com/m/24291b9aafc41df6/webimage-11713_Case_Opened_Silhouette.jpg
20856,https://bynder.onerichs.com/m/41ac73b13d7b61cd/webimage-20856_Frozen_Silhouette.jpg,
16387,https://bynder.onerichs.com/m/3fd488281795f20b/webimage-16387_Frozen_Silhouette.jpg,https://bynder.onerichs.com/m/1a0c891fc9a59c93/webimage-16387_Baked_Styled.jpg | https://bynder.onerichs.com/m/15ded9814a6c494/webimage-16387_Thawed_Styled.jpg | https://bynder.onerichs.com/m/5fbe9f84c576d5d3/webimage-16387_Product-Beauty_Styled.jpg | https://bynder.onerichs.com/m/37c6575a5b92f35a/webimage-16387_Hands-in-Action_Thawed.jpg | https://bynder.onerichs.com/m/5d96df7a46ff59aa/webimage-16387_Product-Beauty_Plated.jpg | https://bynder.onerichs.com/m/e9b6afea57070a1/webimage-16387_Product_Feature.jpg | https://bynder.onerichs.com/m/2ad137fd382b368e/webimage-00049800163874_A1LA.jpg | https://bynder.onerichs.com/m/b1af222586dc90e/webimage-00049800163874_B1LM.jpg | https://bynder.onerichs.com/m/2021d47785b082ca/webimage-16387_People-in-Action_Finished.jpg
